ZIPCODE,BLDGZIP,PO_NAME,POPULATION,AREA,STATE,COUNTY,ST_FIPS,CTY_FIPS,URL,SHAPE_AREA,SHAPE_LEN,MODZCTA,cases,Total,zcta_cum.perc_pos,zip_code,total_population,total_non_hispanic,total_white_nonhispanic,total_black_nonhispanic,total_asian_alone,total_black,total_hispanic,average_household_size,pct_more_than_one_occupant_per_room,total_male,total_female,age_60_and_over,age_65_and_over,age_75_and_over,median_age,below_poverty_level,pct_below_poverty_level,household_median_income,household_mean_income,pct_services,pct_over_age_65,pct_white,pct_minority,pct_black,pct_hispanic,cases_per_1000
11436,0,Jamaica,18681.0,22699295.4594145,NY,Queens,36,081,http://www.usps.com/,0.0,0.0,11436,459,979,46.88,11436,20077.0,17108.0,308.0,11991.0,2084.0,12945.0,2969.0,3.5485092277369645,9.0,9918.0,10159.0,3246.0,2113.0,829.0,36.9,2213.0,11.1,75242.0,95711,0.2877027838974565,0.10524480749115904,0.015340937391044479,0.9846590626089555,0.5972505852467999,0.14788065946107487,22.86198137171888
11213,0,Brooklyn,62426.0,29631004.437939,NY,Kings,36,047,http://www.usps.com/,0.0,0.0,11213,1208,2619,46.12,11213,66295.0,59235.0,13651.0,42570.0,1252.0,46001.0,7060.0,2.61374915091701,9.1,30437.0,35858.0,10851.0,7603.0,3462.0,33.4,15449.0,23.6,41710.0,69062,0.2691744828044968,0.1146843653367524,0.20591296477864093,0.794087035221359,0.6421298740478166,0.10649370239082886,18.2215853382608
11212,0,Brooklyn,83866.0,41972104.0714198,NY,Kings,36,047,http://www.usps.com/,0.0,0.0,11212,1527,3365,45.38,11212,76527.0,62261.0,907.0,59207.0,974.0,63695.0,14266.0,2.2226766071087942,5.699999999999998,32439.0,44088.0,14705.0,10241.0,4257.0,37.6,26929.0,36.1,26239.0,57515,0.3738253578140813,0.1338220497340808,0.011852026082297752,0.9881479739177023,0.77367465077685,0.18641786558992252,19.953741816613743
11225,0,Brooklyn,56527.0,23698630.1249252,NY,Kings,36,047,http://www.usps.com/,0.0,0.0,11225,1012,2216,45.67,11225,58882.0,53969.0,14516.0,35980.0,1521.0,38536.0,4913.0,2.4371474797759802,7.0,26817.0,32065.0,10880.0,7446.0,3079.0,34.8,10895.0,18.6,55862.0,93590,0.2455536431440046,0.12645630243537923,0.24652695220950374,0.7534730477904963,0.6110526137019803,0.08343806256580959,17.18691620529194
11218,0,Brooklyn,72280.0,36868798.9897562,NY,Kings,36,047,http://www.usps.com/,0.0,0.0,11218,1464,3105,47.15,11218,74508.0,61419.0,39092.0,5637.0,13789.0,7142.0,13089.0,2.9659165125070377,13.8,37538.0,36970.0,12443.0,8800.0,3406.0,34.2,14736.0,19.9,69415.0,104228,0.2273904851625059,0.11810812261770548,0.5246684919740162,0.4753315080259838,0.07565630536318248,0.1756724110162667,19.64889676276373
11226,0,Brooklyn,106132.0,39408598.2790117,NY,Kings,36,047,http://www.usps.com/,0.0,0.0,11226,1870,3899,47.96,11226,100277.0,83132.0,12161.0,65421.0,2878.0,69703.0,17145.0,2.712063811831324,13.4,45123.0,55154.0,17827.0,11923.0,4858.0,34.7,17403.0,17.4,52052.0,76813,0.3197226029499008,0.11890064521276066,0.12127407082381803,0.878725929176182,0.6524028441217826,0.17097639538478415,18.648344086879344
11219,0,Brooklyn,92561.0,42002738.4672304,NY,Kings,36,047,http://www.usps.com/,0.0,0.0,11219,2421,5394,44.88,11219,90036.0,79123.0,55723.0,815.0,22002.0,1246.0,10913.0,3.6389418747441673,25.6,44986.0,45050.0,14575.0,10627.0,4748.0,27.8,31731.0,35.5,39295.0,61515,0.300773607055778,0.11803056555155715,0.6188968856901684,0.38110311430983157,0.009051934781642899,0.12120707272646497,26.88924430227909
11210,0,Brooklyn,67067.0,47887022.9921604,NY,Kings,36,047,http://www.usps.com/,0.0,0.0,11210,1458,3130,46.58,11210,67040.0,62324.0,19773.0,38113.0,2828.0,40155.0,4716.0,2.9958602416131495,10.9,30595.0,36445.0,12718.0,8892.0,3302.0,35.6,8288.0,12.4,65900.0,102615,0.2761404532633012,0.13263723150357995,0.29494331742243435,0.7050566825775657,0.5685113365155131,0.07034606205250597,21.748210023866346
11230,0,Brooklyn,80857.0,49926703.3933172,NY,Kings,36,047,http://www.usps.com/,0.0,0.0,11230,1961,4299,45.62,11230,89075.0,79956.0,58782.0,6138.0,12547.0,6909.0,9119.0,2.8902917702472855,15.0,42716.0,46359.0,18448.0,13740.0,6527.0,33.8,20276.0,22.9,49541.0,93905,0.2728513705362018,0.15425203480213304,0.6599158012910469,0.3400841987089531,0.06890822340724109,0.10237440359247825,22.015155767611564
11204,0,Brooklyn,77354.0,43555184.613285,NY,Kings,36,047,http://www.usps.com/,0.0,0.0,11204,1691,3731,45.32,11204,76978.0,68582.0,41872.0,851.0,24376.0,1118.0,8396.0,3.2549841108427615,16.700000000000006,38466.0,38512.0,14868.0,10477.0,4876.0,34.7,17475.0,22.8,49785.0,79824,0.2967478397486253,0.13610382187118397,0.5439476213983216,0.45605237860167835,0.011055106653849152,0.1090701239315129,21.96731533684949
10471,0,Bronx,23477.0,89651407.0583499,NY,Bronx,36,005,http://www.usps.com/,0.0,0.0,10471,530,1368,38.74,10471,21896.0,16893.0,12819.0,2276.0,1262.0,2919.0,5003.0,2.18216445685043,3.2,10378.0,11518.0,7199.0,5554.0,3147.0,44.9,1885.0,10.0,85707.0,160369,0.1058882235528942,0.2536536353671904,0.5854493971501644,0.4145506028498356,0.10394592619656558,0.2284892217756668,24.2053343076361
10470,0,Bronx,14740.0,21543461.581388,NY,Bronx,36,005,http://www.usps.com/,0.0,0.0,10470,397,937,42.37,10470,15432.0,12177.0,5590.0,5714.0,537.0,6227.0,3255.0,2.5203917050691245,7.1,7069.0,8363.0,3596.0,2615.0,1325.0,40.5,1904.0,12.4,57160.0,90146,0.2367856184598873,0.1694530844997408,0.3622343182996371,0.637765681700363,0.3702695697252462,0.2109253499222395,25.725764644893726
10466,0,Bronx,68942.0,55262490.6124597,NY,Bronx,36,005,http://www.usps.com/,0.0,0.0,10466,2095,4466,46.91,10466,72479.0,56508.0,2074.0,50054.0,2169.0,54368.0,15971.0,3.0291731353358085,9.3,31842.0,40637.0,13431.0,9090.0,4046.0,36.6,14086.0,19.7,51477.0,77077,0.3348532607032469,0.12541563763296956,0.02861518508809448,0.9713848149119055,0.6906000358724597,0.22035348169814706,28.904924184936323
10467,0,Bronx,97932.0,69336166.3726341,NY,Bronx,36,005,http://www.usps.com/,0.0,0.0,10467,2931,6140,47.74,10467,103732.0,49446.0,9736.0,31584.0,5916.0,38921.0,54286.0,2.7772966350865733,15.9,49745.0,53987.0,17307.0,11360.0,4873.0,33.7,28506.0,27.9,37015.0,56744,0.3580156514575992,0.10951297574518953,0.09385724752246173,0.9061427524775383,0.3044769212971889,0.5233293487062816,28.255504569467472
10463,0,Bronx,70641.0,36703381.5081673,NY,Bronx,36,005,http://www.usps.com/,0.0,0.0,10463,1627,3967,41.01,10463,71360.0,34888.0,22584.0,7980.0,2579.0,13003.0,36472.0,2.4042863119726663,8.1,33641.0,37719.0,18097.0,14115.0,6845.0,39.8,11862.0,17.2,58551.0,98513,0.2521613832853026,0.19779988789237668,0.31647982062780267,0.6835201793721973,0.11182735426008969,0.5110986547085202,22.79988789237668
10463,0,Bronx,70641.0,3119701.91322087,NY,New York,36,061,http://www.usps.com/,0.0,0.0,10463,1627,3967,41.01,10463,71360.0,34888.0,22584.0,7980.0,2579.0,13003.0,36472.0,2.4042863119726663,8.1,33641.0,37719.0,18097.0,14115.0,6845.0,39.8,11862.0,17.2,58551.0,98513,0.2521613832853026,0.19779988789237668,0.31647982062780267,0.6835201793721973,0.11182735426008969,0.5110986547085202,22.79988789237668
10475,0,Bronx,40931.0,38633296.9345436,NY,Bronx,36,005,http://www.usps.com/,0.0,0.0,10475,1530,3746,40.84,10475,43208.0,30666.0,3419.0,24539.0,1186.0,28010.0,12542.0,2.2258435950743647,6.1,18358.0,24850.0,13845.0,10594.0,5021.0,45.0,4411.0,10.5,50832.0,76817,0.2303085208113141,0.24518607665247177,0.07912886502499537,0.9208711349750046,0.5679272356970931,0.2902703203110535,35.410109239029815
10464,0,Bronx,4438.0,76257484.8998482,NY,Bronx,36,005,http://www.usps.com/,0.0,0.0,10464,115,360,31.94,10464,4434.0,3317.0,2966.0,83.0,245.0,119.0,1117.0,2.3322979397781296,1.8,2162.0,2272.0,1335.0,997.0,389.0,44.9,359.0,8.1,93365.0,140250,0.10203235172127748,0.2248534055029319,0.6689219666215607,0.33107803337843933,0.018718989625620207,0.2519170049616599,25.93594948128101
10464,0,Bronx,4438.0,4512530.57659232,NY,Bronx,36,005,http://www.usps.com/,0.0,0.0,10464,115,360,31.94,10464,4434.0,3317.0,2966.0,83.0,245.0,119.0,1117.0,2.3322979397781296,1.8,2162.0,2272.0,1335.0,997.0,389.0,44.9,359.0,8.1,93365.0,140250,0.10203235172127748,0.2248534055029319,0.6689219666215607,0.33107803337843933,0.018718989625620207,0.2519170049616599,25.93594948128101
10464,0,Bronx,4438.0,11587953.826739,NY,Bronx,36,005,http://www.usps.com/,0.0,0.0,10464,115,360,31.94,10464,4434.0,3317.0,2966.0,83.0,245.0,119.0,1117.0,2.3322979397781296,1.8,2162.0,2272.0,1335.0,997.0,389.0,44.9,359.0,8.1,93365.0,140250,0.10203235172127748,0.2248534055029319,0.6689219666215607,0.33107803337843933,0.018718989625620207,0.2519170049616599,25.93594948128101
10469,0,Bronx,65101.0,68040887.0683502,NY,Bronx,36,005,http://www.usps.com/,0.0,0.0,10469,2588,5306,48.77,10469,73870.0,52452.0,7907.0,38318.0,4757.0,41477.0,21418.0,3.174384855233853,9.8,34385.0,39485.0,16919.0,12216.0,5881.0,40.2,10753.0,15.1,63652.0,87782,0.3013795751971877,0.16537159875456883,0.10703939352917287,0.8929606064708271,0.5187220793285502,0.2899417896304318,35.03452010288344
10468,0,Bronx,72877.0,34447604.6722183,NY,Bronx,36,005,http://www.usps.com/,0.0,0.0,10468,2137,4230,50.52,10468,78647.0,19059.0,2323.0,12763.0,2224.0,18087.0,59588.0,2.9308876907889743,18.0,37011.0,41636.0,10776.0,7812.0,3139.0,32.2,24945.0,32.1,36046.0,52131,0.4641899982893311,0.09932991722506898,0.02953704527826872,0.9704629547217313,0.16228209594771575,0.7576639922692537,27.172047249100412
10458,0,Bronx,79362.0,35968812.9033631,NY,Bronx,36,005,http://www.usps.com/,0.0,0.0,10458,1745,3886,44.9,10458,83960.0,25397.0,6995.0,14617.0,2333.0,18960.0,58563.0,2.9554394839088043,17.1,40415.0,43545.0,10336.0,6586.0,2438.0,29.0,28518.0,35.3,33932.0,51860,0.4305953933072577,0.07844211529299666,0.08331348261076703,0.916686517389233,0.17409480705097666,0.6975107193901858,20.78370652691758
10034,0,New York,39149.0,24503892.1220115,NY,New York,36,061,http://www.usps.com/,0.0,0.0,10034,596,1366,43.63,10034,42910.0,12985.0,8628.0,2329.0,1298.0,5989.0,29925.0,2.6640820130475302,14.4,20361.0,22549.0,8451.0,5779.0,2142.0,36.4,8355.0,19.6,54716.0,71361,0.3234083424807904,0.13467723141458868,0.2010720111862037,0.7989279888137963,0.05427639244931252,0.697389885807504,13.889536238639012
10033,0,New York,54284.0,16156054.1719256,NY,New York,36,061,http://www.usps.com/,0.0,0.0,10033,1116,2344,47.61,10033,59607.0,18765.0,14090.0,2448.0,1238.0,8637.0,40842.0,2.989662120903725,11.9,30216.0,29391.0,11276.0,8322.0,3653.0,35.8,11496.0,19.6,58614.0,78761,0.3012758586228722,0.13961447481000552,0.2363816330296777,0.7636183669703223,0.04106900196285671,0.6851879812773668,18.72263324777291
10462,0,Bronx,75674.0,53022513.776471,NY,Bronx,36,005,http://www.usps.com/,0.0,0.0,10462,2003,4611,43.44,10462,76756.0,40273.0,8909.0,19050.0,9627.0,23923.0,36483.0,2.5849994922655117,11.1,36091.0,40665.0,13226.0,9245.0,4127.0,36.3,14872.0,19.5,52409.0,70616,0.30485521209325045,0.12044661003700037,0.11606910208973892,0.8839308979102611,0.24818906665276982,0.4753113763093439,26.09567981656157
10040,0,New York,41033.0,16340742.7951967,NY,New York,36,061,http://www.usps.com/,0.0,0.0,10040,850,1772,47.97,10040,44571.0,13603.0,9352.0,2181.0,1257.0,6355.0,30968.0,2.656327791854644,11.9,20779.0,23792.0,9772.0,7341.0,3752.0,37.4,9557.0,22.3,47137.0,72424,0.3129360739204224,0.1647035067644881,0.20982253034484305,0.7901774696551569,0.048933162818873256,0.6948015525790312,19.070696192591598
10453,0,Bronx,77576.0,25748509.2716743,NY,Bronx,36,005,http://www.usps.com/,0.0,0.0,10453,1998,4245,47.07,10453,79606.0,24555.0,941.0,21817.0,1043.0,27063.0,55051.0,2.8603564879336902,15.7,36246.0,43360.0,9909.0,6716.0,2208.0,30.4,32022.0,40.5,25275.0,40617,0.4500521988777241,0.08436550008793307,0.011820717031379544,0.9881792829686205,0.27406225661382305,0.6915433510036932,25.09861065748813
10465,0,Bronx,42012.0,108423743.438241,NY,Bronx,36,005,http://www.usps.com/,0.0,0.0,10465,1359,3567,38.1,10465,44205.0,24637.0,18898.0,3915.0,1254.0,6201.0,19568.0,2.6439252219582343,3.6,21403.0,22802.0,10806.0,7680.0,3892.0,41.5,5141.0,12.2,74796.0,106350,0.2217236958879795,0.17373600271462505,0.42750820042981563,0.5724917995701844,0.08856464200882253,0.44266485691663837,30.743128605361385
10461,0,Bronx,50549.0,62824057.5745278,NY,Bronx,36,005,http://www.usps.com/,0.0,0.0,10461,1690,3958,42.7,10461,50348.0,26882.0,16754.0,3862.0,5383.0,5908.0,23466.0,2.6023173244571245,8.2,24497.0,25851.0,10596.0,7838.0,3919.0,37.8,7332.0,14.8,56612.0,83716,0.25576104815267303,0.15567649161833638,0.3327639628187813,0.6672360371812187,0.0767061253674426,0.4660761102725034,33.56637800905696
10457,0,Bronx,70253.0,37640607.3793199,NY,Bronx,36,005,http://www.usps.com/,0.0,0.0,10457,1792,3961,45.24,10457,74554.0,24924.0,1052.0,21964.0,682.0,31654.0,49630.0,2.8932735243971743,17.9,35086.0,39468.0,9600.0,6754.0,2534.0,29.8,27750.0,38.1,27420.0,46260,0.4591789255163034,0.09059205408160528,0.014110577567937333,0.9858894224320627,0.294605252568608,0.665691981650884,24.03626901306436
10460,0,Bronx,56670.0,35155666.6460149,NY,Bronx,36,005,http://www.usps.com/,0.0,0.0,10460,1407,3049,46.15,10460,59505.0,18146.0,1539.0,15043.0,888.0,19091.0,41359.0,2.855386195763831,12.0,27647.0,31858.0,9440.0,6612.0,2500.0,31.6,21567.0,36.7,26866.0,44664,0.42739018087855296,0.11111671288127048,0.025863372825812955,0.974136627174187,0.252802285522225,0.6950508360641963,23.645071842702293
10032,0,New York,57606.0,23159566.0923429,NY,New York,36,061,http://www.usps.com/,0.0,0.0,10032,1234,2638,46.78,10032,64264.0,21670.0,9038.0,8737.0,2888.0,14433.0,42594.0,2.9794072189237584,11.9,32163.0,32101.0,11632.0,8301.0,3873.0,34.7,14585.0,23.1,50391.0,72422,0.3554741980474198,0.12917029752271877,0.14063861571019545,0.8593613842898046,0.13595481140296278,0.662797211502552,19.202041578488735
10452,0,Bronx,76104.0,27550385.8533127,NY,Bronx,36,005,http://www.usps.com/,0.0,0.0,10452,2005,4246,47.22,10452,76078.0,24255.0,1446.0,20567.0,1027.0,27616.0,51823.0,2.879462604302228,18.700000000000006,34800.0,41278.0,9242.0,6152.0,2248.0,31.6,28044.0,37.2,28277.0,43432,0.472079389512986,0.08086437603512185,0.019006808801493205,0.9809931911985068,0.2703409658508373,0.6811824706222561,26.354530876206
10456,0,Bronx,89390.0,29933452.4363485,NY,Bronx,36,005,http://www.usps.com/,0.0,0.0,10456,2141,4742,45.15,10456,94218.0,36247.0,1133.0,32331.0,783.0,42254.0,57971.0,2.9814122311041786,14.1,43844.0,50374.0,12959.0,8502.0,3159.0,30.9,35856.0,38.7,27106.0,46748,0.4684371926170225,0.0902375342291282,0.012025303020654228,0.9879746969793458,0.34315099025663887,0.6152858264875077,22.72389564626717
10472,0,Bronx,66356.0,30963245.1883283,NY,Bronx,36,005,http://www.usps.com/,0.0,0.0,10472,1682,3309,50.83,10472,68796.0,24393.0,1795.0,16343.0,4483.0,20150.0,44403.0,3.1070265454379307,15.9,33428.0,35368.0,10937.0,7663.0,3383.0,32.1,23421.0,34.4,30977.0,51763,0.4051468913687088,0.11138728995871854,0.026091633234490378,0.9739083667655096,0.2375574161288447,0.6454299668585383,24.449095877667308
10031,0,New York,57010.0,16902152.3659099,NY,New York,36,061,http://www.usps.com/,0.0,0.0,10031,1067,2200,48.5,10031,60254.0,29299.0,10485.0,14291.0,2279.0,26486.0,30955.0,2.7237747620565598,8.5,30567.0,29687.0,10009.0,6548.0,3086.0,34.2,13451.0,22.4,49891.0,75008,0.3031186763480538,0.10867328310153683,0.1740133435124639,0.8259866564875361,0.23717927440501876,0.5137418262687954,17.708367909184453
10039,0,New York,24234.0,8419027.88460668,NY,New York,36,061,http://www.usps.com/,0.0,0.0,10039,438,1069,40.97,10039,27726.0,18348.0,1872.0,15274.0,452.0,18406.0,9378.0,2.4424308652988405,6.5,11816.0,15910.0,4020.0,2598.0,1201.0,33.7,7148.0,25.8,39653.0,58199,0.2783101408215982,0.09370266176152348,0.06751785327851115,0.9324821467214889,0.5508908605640914,0.3382384765202337,15.797446440164467
10459,0,Bronx,46804.0,22551940.5372444,NY,Bronx,36,005,http://www.usps.com/,0.0,0.0,10459,1293,2675,48.34,10459,48351.0,15521.0,791.0,13962.0,356.0,17790.0,32830.0,2.9049383469661825,10.2,23004.0,25347.0,6897.0,4864.0,2338.0,31.3,16462.0,34.3,27687.0,48578,0.4011624718977902,0.1005977125602366,0.016359537548344398,0.9836404624516556,0.28876341750946205,0.6789931955905772,26.741949494322764
10451,0,Bronx,44140.0,28944106.5168784,NY,Bronx,36,005,http://www.usps.com/,0.0,0.0,10451,1418,3008,47.14,10451,47798.0,19562.0,1264.0,16912.0,557.0,20867.0,28236.0,2.487957956387596,10.0,22334.0,25464.0,8157.0,6020.0,2808.0,34.1,16967.0,35.5,28921.0,51850,0.4109349313252373,0.12594669233022301,0.026444621113854136,0.9735553788861459,0.35382233566258003,0.5907360140591656,29.666513243231933
10473,0,Bronx,58284.0,59522354.5402765,NY,Bronx,36,005,http://www.usps.com/,0.0,0.0,10473,1695,3806,44.53,10473,59609.0,23344.0,1535.0,19922.0,918.0,25936.0,36265.0,2.8312080248387868,6.5,26916.0,32693.0,12239.0,8779.0,3729.0,36.1,15182.0,25.7,41638.0,67745,0.34623655913978496,0.1472764179905719,0.02575114496133134,0.9742488550386686,0.33421127682061436,0.6083812847053297,28.435303393782817
10030,0,New York,26720.0,7757661.4549303,NY,New York,36,061,http://www.usps.com/,0.0,0.0,10030,426,1012,42.09,10030,29882.0,22227.0,3217.0,17098.0,536.0,20149.0,7655.0,2.2938599246231157,7.800000000000002,13233.0,16649.0,5003.0,3319.0,1662.0,36.1,8777.0,29.4,37232.0,86144,0.2875151342496973,0.11107020949066328,0.10765678334783482,0.8923432166521652,0.5721839234321665,0.2561742855230574,14.256073890636504
10027,0,New York,58639.0,24695278.5042902,NY,New York,36,061,http://www.usps.com/,0.0,0.0,10027,847,2110,40.14,10027,64548.0,48121.0,16194.0,23723.0,6121.0,26969.0,16427.0,2.403594557137457,5.4,29804.0,34744.0,9343.0,6562.0,2944.0,31.0,16555.0,28.6,46113.0,97728,0.18085339969260045,0.10166077957489,0.2508830637664993,0.7491169362335006,0.3675249426783169,0.2544927805664002,13.122017723244717
10474,0,Bronx,12281.0,40614090.1902275,NY,Bronx,36,005,http://www.usps.com/,0.0,0.0,10474,285,634,44.95,10474,12127.0,4439.0,147.0,4229.0,9.0,5151.0,7688.0,3.1796473623853214,16.9,6430.0,5697.0,1478.0,913.0,335.0,30.2,4820.0,42.9,25493.0,47042,0.41767167117893184,0.0752865506720541,0.01212171188257607,0.987878288117424,0.34872598334295374,0.6339572853962233,23.5012781396883
10455,0,Bronx,39834.0,19846918.8414558,NY,Bronx,36,005,http://www.usps.com/,0.0,0.0,10455,1091,2306,47.31,10455,42283.0,11911.0,563.0,10288.0,521.0,13540.0,30372.0,2.8549982640094442,12.3,20172.0,22111.0,5622.0,3870.0,1687.0,30.6,16515.0,39.6,26801.0,44953,0.4295823592594933,0.09152614525932408,0.013315043871059291,0.9866849561289407,0.24331291535605326,0.7183028640351915,25.802331906439942
10037,0,New York,16931.0,7188980.95342821,NY,New York,36,061,http://www.usps.com/,0.0,0.0,10037,369,892,41.37,10037,21139.0,16622.0,1247.0,14335.0,528.0,15990.0,4517.0,2.137444250333984,7.0,9399.0,11740.0,4092.0,3075.0,1667.0,35.3,5249.0,25.1,45041.0,64197,0.20422291450328836,0.14546572685557502,0.058990491508586027,0.941009508491414,0.6781304697478594,0.21368087421353896,17.455887222669002
10024,0,New York,58521.0,22877335.4639181,NY,New York,36,061,http://www.usps.com/,0.0,0.0,10024,571,1833,31.15,10024,59001.0,52581.0,45305.0,1731.0,4274.0,2744.0,6420.0,2.0235911794372368,2.3,26607.0,32394.0,15431.0,11479.0,4755.0,43.1,4197.0,7.2,131668.0,375977,0.05175296966901165,0.19455602447416145,0.7678683412145557,0.23213165878544428,0.02933848578837647,0.10881171505567702,9.677802071151335
10454,0,Bronx,37466.0,31063613.325308,NY,Bronx,36,005,http://www.usps.com/,0.0,0.0,10454,975,2178,44.77,10454,38203.0,12247.0,888.0,10753.0,130.0,12941.0,25956.0,2.822349054454317,14.1,18469.0,19734.0,4601.0,3212.0,1644.0,29.6,17330.0,45.9,21149.0,41597,0.4793530113297555,0.08407716671465591,0.023244247833939743,0.9767557521660603,0.2814700416197681,0.6794230819569144,25.52155589875141
10026,0,New York,34313.0,11092681.4884746,NY,New York,36,061,http://www.usps.com/,0.0,0.0,10026,561,1455,38.56,10026,39363.0,30974.0,7744.0,19796.0,2308.0,22257.0,8389.0,2.4752244792340536,4.4,18124.0,21239.0,5860.0,4113.0,1754.0,35.1,9804.0,25.2,58884.0,107008,0.20150851085516255,0.10448898711988415,0.19673297258847142,0.8032670274115286,0.5029088230063765,0.21311891878159694,14.251962502858014
10035,0,New York,34884.0,15445657.3340813,NY,New York,36,061,http://www.usps.com/,0.0,0.0,10035,800,1757,45.53,10035,35743.0,19808.0,3638.0,13227.0,1583.0,15618.0,15935.0,2.2690802606043805,7.899999999999999,17697.0,18046.0,6254.0,4521.0,2067.0,36.3,13064.0,37.6,30081.0,58332,0.282671272308578,0.12648630501077135,0.10178216713762135,0.8982178328623787,0.3700584729877179,0.4458215594661892,22.382004868086057
10035,0,New York,34884.0,23494871.4647732,NY,New York,36,061,http://www.usps.com/,0.0,0.0,10035,800,1757,45.53,10035,35743.0,19808.0,3638.0,13227.0,1583.0,15618.0,15935.0,2.2690802606043805,7.899999999999999,17697.0,18046.0,6254.0,4521.0,2067.0,36.3,13064.0,37.6,30081.0,58332,0.282671272308578,0.12648630501077135,0.10178216713762135,0.8982178328623787,0.3700584729877179,0.4458215594661892,22.382004868086057
10025,0,New York,96054.0,19631043.8225259,NY,New York,36,061,http://www.usps.com/,0.0,0.0,10025,1096,3116,35.17,10025,92805.0,71069.0,50675.0,9197.0,8271.0,14041.0,21736.0,2.0929310427105703,3.6,41890.0,50915.0,25020.0,18590.0,7392.0,41.3,12890.0,14.6,85930.0,221643,0.11590847464697662,0.20031248316362266,0.5460373902268196,0.45396260977318037,0.09910026399439685,0.23421151877592802,11.809708528635312
11357,0,Whitestone,38944.0,77359110.6091442,NY,Queens,36,081,http://www.usps.com/,0.0,0.0,11357,707,1641,43.08,11357,39902.0,33662.0,23849.0,187.0,8770.0,508.0,6240.0,2.7361453668618667,2.3,18957.0,20945.0,11689.0,8641.0,4121.0,45.5,2358.0,6.0,83951.0,111910,0.16844280121792082,0.21655556112475566,0.5976893388802567,0.40231066111974334,0.004686481880607488,0.15638313868978998,17.718410104756654
10029,0,New York,77503.0,22963435.6769661,NY,New York,36,061,http://www.usps.com/,0.0,0.0,10029,1548,3494,44.3,10029,79597.0,41475.0,12310.0,20558.0,7395.0,25714.0,38122.0,2.3996560429157463,7.7,36356.0,43241.0,15322.0,10705.0,5415.0,35.1,25526.0,33.2,34016.0,76698,0.2477291750627771,0.1344899933414576,0.15465406987700542,0.8453459301229946,0.25827606568086736,0.4789376484038343,19.44796914456575
11356,0,College Point,23379.0,43321159.272031,NY,Queens,36,081,http://www.usps.com/,0.0,0.0,11356,478,1060,45.09,11356,23362.0,13945.0,6189.0,355.0,6771.0,496.0,9417.0,3.1308010197236014,7.5,11624.0,11738.0,4517.0,3036.0,1448.0,37.1,2856.0,12.3,60493.0,82604,0.31902294596595115,0.12995462717233114,0.26491738720999913,0.7350826127900009,0.01519561681362897,0.4030904888280113,20.460577005393375
11360,0,Bayside,18973.0,38834824.1713414,NY,Queens,36,081,http://www.usps.com/,0.0,0.0,11360,287,786,36.51,11360,19621.0,17703.0,10832.0,149.0,6357.0,313.0,1918.0,2.28,2.3,9073.0,10548.0,6686.0,5290.0,2879.0,48.5,1582.0,8.1,86174.0,123086,0.13291842631695933,0.2696090922990673,0.5520615666887518,0.44793843331124816,0.007593904490087152,0.09775240813414199,14.627185158758472
11105,0,Astoria,36906.0,48795608.0799341,NY,Queens,36,081,http://www.usps.com/,0.0,0.0,11105,431,1222,35.27,11105,37382.0,29170.0,22775.0,791.0,4548.0,1308.0,8212.0,2.4274035019201983,6.5,18814.0,18568.0,6517.0,4830.0,2452.0,35.4,3969.0,10.6,73959.0,107126,0.186128456735058,0.1292065700069552,0.6092504413889037,0.3907495586110963,0.021159916537370926,0.2196779198544754,11.52961318281526
10128,0,New York,55748.0,11011681.5568226,NY,New York,36,061,http://www.usps.com/,0.0,0.0,10128,555,1981,28.02,10128,59256.0,51949.0,42129.0,1766.0,5781.0,2808.0,7307.0,1.9227060050177576,3.9,25338.0,33918.0,14492.0,10998.0,4881.0,39.5,3686.0,6.2,114010.0,298667,0.050435656836461125,0.1856014580801944,0.7109659781287971,0.28903402187120286,0.02980288915890374,0.12331240718239503,9.366140137707575
10023,0,New York,62800.0,15212712.6781593,NY,New York,36,061,http://www.usps.com/,0.0,0.0,10023,496,1676,29.59,10023,62435.0,55873.0,45242.0,2348.0,6637.0,3088.0,6562.0,1.804337399459828,3.1,27151.0,35284.0,17612.0,14025.0,5928.0,43.3,5014.0,8.2,130452.0,331875,0.05228115518597595,0.22463361896372228,0.7246256106350605,0.2753743893649395,0.03760711139585168,0.10510130535757188,7.944262032513815
11363,0,Little Neck,7060.0,24242790.0234975,NY,Queens,36,081,http://www.usps.com/,0.0,0.0,11363,89,248,35.89,11363,6952.0,6038.0,3531.0,112.0,2264.0,146.0,914.0,2.6147237880496057,3.2,3341.0,3611.0,1898.0,1499.0,702.0,47.8,409.0,5.9,104792.0,151973,0.07654816513761467,0.21562140391254314,0.5079113924050633,0.49208860759493667,0.01611047180667434,0.1314729574223245,12.802071346375143
10028,0,New York,47530.0,9842046.4797,NY,New York,36,061,http://www.usps.com/,0.0,0.0,10028,427,1452,29.41,10028,47793.0,44260.0,38688.0,392.0,4506.0,881.0,3533.0,1.8857982463069756,3.8,20516.0,27277.0,11482.0,8873.0,4066.0,38.9,2403.0,5.0,125140.0,370171,0.027365687388410973,0.1856548030046241,0.8094909296340468,0.19050907036595321,0.00820203795534911,0.07392295942920511,8.934362772790994
11354,0,Flushing,58525.0,61985147.4508045,NY,Queens,36,081,http://www.usps.com/,0.0,0.0,11354,945,1934,48.86,11354,55200.0,46397.0,9060.0,1670.0,34571.0,2134.0,8803.0,2.656426014319809,9.8,25033.0,30167.0,14691.0,11194.0,5729.0,45.5,10670.0,20.0,42500.0,67340,0.3078874355925485,0.20278985507246378,0.1641304347826087,0.8358695652173913,0.030253623188405798,0.1594746376811594,17.1195652173913
11102,0,Astoria,33944.0,19116258.4369194,NY,Queens,36,081,http://www.usps.com/,0.0,0.0,11102,525,1206,43.53,11102,30800.0,21328.0,13229.0,2659.0,4650.0,3375.0,9472.0,2.33530523255814,6.699999999999998,15375.0,15425.0,4970.0,3631.0,1510.0,33.7,5345.0,17.5,64067.0,94047,0.2119404680754374,0.11788961038961039,0.429512987012987,0.570487012987013,0.08633116883116883,0.30753246753246755,17.045454545454543
11370,0,East Elmhurst,40591.0,23600231.4880305,NY,Queens,36,081,http://www.usps.com/,0.0,0.0,11370,1219,2375,51.33,11370,32514.0,20361.0,8236.0,4484.0,7138.0,5064.0,12153.0,3.171097210058801,11.7,19284.0,13230.0,5558.0,4066.0,1904.0,37.5,3335.0,13.2,65098.0,103144,0.3078112286411717,0.12505382296856737,0.2533062680691395,0.7466937319308605,0.1379098234606631,0.37377744971396937,37.49154210493941
11370,0,Bronx,40591.0,18190205.1866401,NY,Bronx,36,005,http://www.usps.com/,0.0,0.0,11370,1219,2375,51.33,11370,32514.0,20361.0,8236.0,4484.0,7138.0,5064.0,12153.0,3.171097210058801,11.7,19284.0,13230.0,5558.0,4066.0,1904.0,37.5,3335.0,13.2,65098.0,103144,0.3078112286411717,0.12505382296856737,0.2533062680691395,0.7466937319308605,0.1379098234606631,0.37377744971396937,37.49154210493941
10021,0,New York,45299.0,10495133.4084987,NY,New York,36,061,http://www.usps.com/,0.0,0.0,10021,494,1675,29.49,10021,46215.0,42551.0,36643.0,270.0,4333.0,681.0,3664.0,1.8235349655944952,3.2,21010.0,25205.0,12381.0,10250.0,5045.0,41.0,2185.0,4.8,118289.0,363052,0.024371725761141903,0.2217894622957914,0.7928810992102131,0.2071189007897869,0.005842259006815969,0.07928161852212486,10.689170182841067
11358,0,Flushing,37743.0,54622541.0857367,NY,Queens,36,081,http://www.usps.com/,0.0,0.0,11358,496,1221,40.62,11358,37190.0,30929.0,12476.0,184.0,17473.0,585.0,6261.0,2.848669682564024,4.800000000000002,18368.0,18822.0,9401.0,7134.0,3126.0,43.9,3660.0,9.9,66129.0,99110,0.2294634906500445,0.19182575961279913,0.33546652325894055,0.6645334767410594,0.0049475665501478895,0.16835170744823877,13.336918526485615
11362,0,Little Neck,17707.0,54680551.219371,NY,Queens,36,081,http://www.usps.com/,0.0,0.0,11362,274,698,39.26,11362,18721.0,17062.0,8289.0,150.0,8098.0,405.0,1659.0,2.5839295203468047,2.9,8786.0,9935.0,6157.0,4835.0,2364.0,49.4,1113.0,6.0,89185.0,121161,0.15641199008338968,0.2582661182629133,0.44276480957213826,0.5572351904278617,0.00801239250040062,0.08861706105443086,14.635970300731799
10044,0,New York,11661.0,6296113.26884279,NY,New York,36,061,http://www.usps.com/,0.0,0.0,10044,183,418,43.78,10044,11682.0,10129.0,4448.0,1296.0,3958.0,1541.0,1553.0,2.1304296545914068,10.1,5498.0,6184.0,2973.0,2238.0,1158.0,42.2,1174.0,11.6,100441.0,157678,0.061622026596740966,0.19157678479712378,0.3807567197397706,0.6192432802602295,0.11093990755007704,0.13293956514295496,15.66512583461736
11369,0,East Elmhurst,38116.0,30060493.2463742,NY,Queens,36,081,http://www.usps.com/,0.0,0.0,11369,1360,2439,55.76,11369,34118.0,12417.0,2747.0,5063.0,4196.0,6112.0,21701.0,3.2171808820672236,14.4,16785.0,17333.0,6958.0,5247.0,2423.0,38.3,5189.0,15.5,54121.0,77080,0.3706706447009988,0.1537897883814995,0.08051468433085175,0.9194853156691483,0.14839674072337183,0.6360572132012428,39.861656603552376
11103,0,Astoria,38234.0,20222394.6255259,NY,Queens,36,081,http://www.usps.com/,0.0,0.0,11103,464,1153,40.24,11103,36140.0,27936.0,20953.0,684.0,5332.0,1318.0,8204.0,2.302091286307053,5.5,17586.0,18554.0,5507.0,4085.0,1824.0,33.8,4324.0,12.0,71437.0,89938,0.2131388159943068,0.11303265080243498,0.5797731045932485,0.4202268954067515,0.01892639734366353,0.22700608743774212,12.83895960154953
11106,0,Astoria,38665.0,23866112.7254688,NY,Queens,36,081,http://www.usps.com/,0.0,0.0,11106,552,1348,40.95,11106,38363.0,27519.0,15779.0,2296.0,7951.0,3431.0,10844.0,2.2448446327683613,7.399999999999999,18799.0,19564.0,6919.0,5210.0,2340.0,35.5,5147.0,13.4,63703.0,90513,0.2249335914636892,0.13580793994213175,0.4113077705080416,0.5886922294919583,0.05984933399369184,0.2826681959179418,14.388864270260408
11368,0,Corona,109069.0,72489663.284463,NY,Queens,36,081,http://www.usps.com/,0.0,0.0,11368,3744,6178,60.6,11368,112425.0,27557.0,4409.0,9291.0,12613.0,12777.0,84868.0,3.916338502561224,29.6,58465.0,53960.0,14434.0,9719.0,4010.0,32.4,22387.0,20.2,50797.0,60283,0.4633253632517933,0.08644874360684901,0.03921725594841005,0.9607827440515899,0.08264176117411608,0.7548854792083611,33.3022014676451
11377,0,Woodside,90852.0,71832387.4944802,NY,Queens,36,081,http://www.usps.com/,0.0,0.0,11377,1853,3872,47.86,11377,86421.0,53521.0,18107.0,1624.0,31843.0,2812.0,32900.0,2.7382929936305733,13.0,44369.0,42052.0,17472.0,13105.0,5535.0,40.0,9683.0,11.2,57010.0,77034,0.38242888354335397,0.15164138346003864,0.20952083405653718,0.7904791659434628,0.018791728862197845,0.3806945071221115,21.441547771953577
11355,0,Flushing,82809.0,49383079.083945,NY,Queens,36,081,http://www.usps.com/,0.0,0.0,11355,1069,2176,49.13,11355,80853.0,68910.0,6043.0,2306.0,58718.0,3413.0,11943.0,2.916396435557487,16.1,38656.0,42197.0,19586.0,14244.0,6673.0,42.8,18195.0,22.6,39207.0,61562,0.3678970704240677,0.17617157062817707,0.07474057858088136,0.9252594214191187,0.02852089594696548,0.14771251530555451,13.221525484521292
11101,0,Long Island City,26254.0,78962088.741757,NY,Queens,36,081,http://www.usps.com/,0.0,0.0,11101,539,1422,37.9,11101,30043.0,22135.0,9746.0,4350.0,6773.0,5395.0,7908.0,2.2372541574910776,7.5,15297.0,14746.0,3997.0,2505.0,1035.0,34.1,5497.0,18.6,65392.0,115351,0.2132066276803119,0.08338048796724695,0.3244016909096961,0.6755983090903039,0.1447924641347402,0.263222714109776,17.940951303132177
11364,0,Oakland Gardens,33937.0,84259665.0529601,NY,Queens,36,081,http://www.usps.com/,0.0,0.0,11364,422,1112,37.95,11364,36806.0,33280.0,12523.0,770.0,19103.0,1194.0,3526.0,2.709409030544488,4.0,18053.0,18753.0,9478.0,6697.0,2681.0,44.8,3010.0,8.2,76988.0,108068,0.16858844745614515,0.18195402923436396,0.3402434385697984,0.6597565614302017,0.02092050209205021,0.0957995978916481,11.465521925772972
10018,0,New York,5503.0,10705796.4791701,NY,New York,36,061,http://www.usps.com/,0.0,0.0,10018,193,559,34.53,10018,9687.0,8216.0,4611.0,432.0,2867.0,561.0,1471.0,1.8881609421000976,6.6,5144.0,4543.0,1007.0,703.0,284.0,32.8,1490.0,15.5,108914.0,196114,0.10755595613639778,0.0725714875606483,0.4759987612263859,0.5240012387736142,0.04459585010839269,0.15185299886445752,19.923608960462477
10017,0,New York,15918.0,9794383.23999352,NY,New York,36,061,http://www.usps.com/,0.0,0.0,10017,125,485,25.77,10017,15801.0,14869.0,10825.0,354.0,3352.0,478.0,932.0,1.5736143361938413,5.2,7134.0,8667.0,4237.0,3363.0,1098.0,39.7,975.0,6.2,127506.0,286117,0.03713842503878091,0.2128346307195747,0.6850832225808493,0.3149167774191507,0.0224036453389026,0.05898360863236504,7.910891715714196
10001,0,New York,22413.0,17794940.7727089,NY,New York,36,061,http://www.usps.com/,0.0,0.0,10001,311,878,35.42,10001,22924.0,19678.0,12182.0,1289.0,5731.0,1687.0,3246.0,1.7573831550156864,3.1,11671.0,11253.0,4825.0,3400.0,1807.0,36.7,2912.0,13.3,88526.0,196505,0.12827298050139274,0.14831617518757634,0.5314081312161927,0.4685918687838073,0.056229279357878206,0.14159832489966848,13.56656778921654
10011,0,New York,50594.0,18118416.8463268,NY,New York,36,061,http://www.usps.com/,0.0,0.0,10011,463,1315,35.21,10011,50472.0,44768.0,36075.0,2382.0,4627.0,3582.0,5704.0,1.6789230293875308,4.3,26058.0,24414.0,11714.0,8166.0,3596.0,40.6,5483.0,11.1,128613.0,348111,0.05104380714136812,0.1617926771279125,0.7147527341892534,0.28524726581074655,0.04719448407037565,0.11301315580916152,9.173403074972262
10016,0,New York,54606.0,15042403.0377915,NY,New York,36,061,http://www.usps.com/,0.0,0.0,10016,605,1958,30.9,10016,51057.0,47514.0,33836.0,1780.0,9748.0,2744.0,3543.0,1.7084921842578502,3.7,24165.0,26892.0,9548.0,7422.0,3390.0,33.5,4816.0,9.7,117004.0,273083,0.03299088409781508,0.14536694282860332,0.6627103041698493,0.33728969583015067,0.034862996259082984,0.06939303131793878,11.849501537497307
11104,0,Sunnyside,27127.0,12084432.1160844,NY,Queens,36,081,http://www.usps.com/,0.0,0.0,11104,417,994,41.95,11104,26119.0,17909.0,11361.0,321.0,5710.0,670.0,8210.0,2.248022205009037,10.6,12954.0,13165.0,4868.0,3358.0,1525.0,37.8,3131.0,12.0,61269.0,93082,0.2483051973946564,0.1285654121520732,0.43497071097668366,0.5650292890233164,0.012289903901374478,0.3143305639572725,15.96538918029021
11109,0,Long Island City,2752.0,581237.15059292,NY,Queens,36,081,http://www.usps.com/,0.0,0.0,11109,46,190,24.21,11109,5981.0,5648.0,3719.0,248.0,1500.0,287.0,333.0,2.020389302640487,6.5,2895.0,3086.0,217.0,99.0,0.0,32.7,332.0,5.6,148590.0,224616,0.02785580524344569,0.016552415983949173,0.6218023741849189,0.3781976258150811,0.041464638020397925,0.05567630830964722,7.6910215682996155
10010,0,New York,29881.0,9768395.56994528,NY,New York,36,061,http://www.usps.com/,0.0,0.0,10010,234,915,25.57,10010,33730.0,30027.0,21570.0,1728.0,5773.0,2108.0,3703.0,1.8556754118364858,3.4000000000000004,17370.0,16360.0,5824.0,4723.0,1829.0,34.7,3952.0,12.7,117923.0,281159,0.0540238811765848,0.1400237177586718,0.6394900681885561,0.36050993181144386,0.05123035873109991,0.10978357545211978,6.937444411503113
11367,0,Flushing,41773.0,72810151.5885401,NY,Queens,36,081,http://www.usps.com/,0.0,0.0,11367,895,2102,42.58,11367,41824.0,34358.0,19408.0,3075.0,10655.0,3930.0,7466.0,2.8,8.9,20114.0,21710.0,9886.0,6677.0,2644.0,36.4,5806.0,14.2,57933.0,86185,0.20563623603088046,0.15964517980107115,0.4640397857689365,0.5359602142310635,0.07352237949502678,0.1785099464422341,21.39919663351186
10014,0,New York,31328.0,14151052.0304172,NY,New York,36,061,http://www.usps.com/,0.0,0.0,10014,266,776,34.28,10014,30738.0,28691.0,25787.0,311.0,1725.0,529.0,2047.0,1.6665055680509078,2.2,15513.0,15225.0,6490.0,4582.0,1874.0,38.3,1928.0,6.4,126601.0,341450,0.04667933537981776,0.1490663022968313,0.8389290129481424,0.16107098705185763,0.01011776953607912,0.06659509402043073,8.653783590344199
10003,0,New York,55878.0,15538376.2696663,NY,New York,36,061,http://www.usps.com/,0.0,0.0,10003,399,1251,31.89,10003,54682.0,50176.0,38521.0,2961.0,7366.0,3491.0,4506.0,1.7024659317103048,3.5,27503.0,27179.0,9253.0,6433.0,2993.0,32.3,3812.0,8.5,112131.0,306152,0.06627770574797802,0.11764383160820746,0.7044548480304305,0.29554515196956954,0.05414944588712922,0.08240371603086939,7.296733842946491
11222,0,Brooklyn,36315.0,42825293.236702,NY,Kings,36,047,http://www.usps.com/,0.0,0.0,11222,383,992,38.61,11222,36492.0,31295.0,26794.0,1345.0,1819.0,1983.0,5197.0,2.102553314789059,4.3,18000.0,18492.0,5390.0,3788.0,1633.0,34.8,3850.0,10.6,85111.0,119619,0.13137571076975305,0.1038035733859476,0.7342431217801162,0.2657568782198838,0.03685739340129343,0.1424147758412803,10.495451057766086
10002,0,New York,81305.0,26280128.5438885,NY,New York,36,061,http://www.usps.com/,0.0,0.0,10002,878,2069,42.44,10002,74993.0,54603.0,16472.0,5249.0,30847.0,7645.0,20390.0,2.1840071556350633,8.3,36230.0,38763.0,21188.0,15810.0,8099.0,43.6,20565.0,27.7,35859.0,71841,0.2754383872122152,0.2108196765031403,0.21964716706892642,0.7803528329310736,0.0699931993652741,0.2718920432573707,11.707759390876483
11378,0,Maspeth,35473.0,66260538.7433529,NY,Queens,36,081,http://www.usps.com/,0.0,0.0,11378,646,1488,43.41,11378,37279.0,25272.0,20160.0,531.0,3832.0,1047.0,12007.0,2.9375309425579177,7.7,18168.0,19111.0,6930.0,4700.0,2157.0,37.7,3524.0,9.5,73333.0,102483,0.25412670086995315,0.1260763432495507,0.5407870382789238,0.4592129617210762,0.01424394431181094,0.3220848198717777,17.3287910083425
10009,0,New York,61455.0,15903519.3012284,NY,New York,36,061,http://www.usps.com/,0.0,0.0,10009,610,1767,34.52,10009,57925.0,43578.0,29677.0,4936.0,7428.0,6539.0,14347.0,1.923798439181916,4.4,26519.0,31406.0,12204.0,8837.0,3504.0,37.1,13560.0,23.4,61548.0,116167,0.11759937646141855,0.15255934397928356,0.5123349158394476,0.48766508416055243,0.08521363832542081,0.24768234786361676,10.53085886922745
10012,0,New York,24276.0,9193738.99955164,NY,New York,36,061,http://www.usps.com/,0.0,0.0,10012,145,496,29.23,10012,23411.0,21917.0,16332.0,596.0,4055.0,977.0,1494.0,1.8283473133460677,7.899999999999999,11579.0,11832.0,4430.0,3322.0,1106.0,33.9,2591.0,11.6,109037.0,243647,0.048658172946598,0.14189910725727223,0.6976207765580282,0.30237922344197177,0.025458117978727948,0.0638161547990261,6.193669642475759
10013,0,New York,27985.0,15580578.8335804,NY,New York,36,061,http://www.usps.com/,0.0,0.0,10013,217,696,31.18,10013,28709.0,26981.0,15042.0,1044.0,9545.0,1546.0,1728.0,2.236395795094277,9.7,14029.0,14680.0,6193.0,4452.0,2204.0,38.0,3093.0,11.5,105442.0,314885,0.14222873900293256,0.1550733219547877,0.5239471942596399,0.47605280574036013,0.03636490299209307,0.06019018426277474,7.558605315406319
10007,0,New York,7323.0,5327870.97676123,NY,New York,36,061,http://www.usps.com/,0.0,0.0,10007,49,205,23.9,10007,7023.0,6443.0,5056.0,294.0,826.0,387.0,580.0,2.2552032222629075,6.300000000000002,4118.0,2905.0,692.0,434.0,76.0,36.0,145.0,2.3,246813.0,458884,0.03619197482297404,0.06179695286914424,0.7199202619962979,0.2800797380037021,0.04186245194361384,0.08258578954862594,6.977075323935639
11237,0,Brooklyn,49335.0,27425868.1713133,NY,Kings,36,047,http://www.usps.com/,0.0,0.0,11237,797,1556,51.22,11237,49310.0,18258.0,9791.0,3718.0,3557.0,7451.0,31052.0,2.859856630824373,13.1,25382.0,23928.0,4821.0,3316.0,1295.0,30.3,14680.0,29.9,51413.0,57318,0.3144763782513081,0.06724802271344554,0.19856012979111742,0.8014398702088825,0.07540052727641453,0.6297302778341107,16.16305009125938
11385,0,Ridgewood,98436.0,124786310.907857,NY,Queens,36,081,http://www.usps.com/,0.0,0.0,11385,1836,3939,46.61,11385,106717.0,59471.0,49227.0,1710.0,7101.0,3222.0,47246.0,3.0324631327222002,6.5,53086.0,53631.0,17004.0,11104.0,5114.0,35.4,12045.0,11.3,72261.0,88019,0.3115343415820912,0.10405090098109955,0.46128545592548514,0.5387145440745149,0.016023688821837197,0.4427223403956258,17.20438168239362
10038,0,New York,19127.0,7022760.64302604,NY,New York,36,061,http://www.usps.com/,0.0,0.0,10038,218,565,38.58,10038,22800.0,19582.0,10249.0,1558.0,7069.0,2461.0,3218.0,2.1059177277179235,7.3,10696.0,12104.0,5252.0,3865.0,1955.0,36.2,4125.0,19.0,86058.0,147002,0.11183513887757596,0.16951754385964912,0.44951754385964915,0.5504824561403509,0.06833333333333333,0.14114035087719298,9.56140350877193
11206,0,Brooklyn,83575.0,40700720.9727291,NY,Kings,36,047,http://www.usps.com/,0.0,0.0,11206,1306,3045,42.89,11206,88349.0,55552.0,29534.0,18491.0,5966.0,25356.0,32797.0,2.8291025062818123,10.7,42822.0,45527.0,12294.0,9079.0,3857.0,29.3,32154.0,36.6,36404.0,54324,0.2704922447221025,0.10276290620154162,0.334287881017329,0.665712118982671,0.20929495523435465,0.37122095326489263,14.782283896818301
10006,0,New York,3011.0,1716640.92012239,NY,New York,36,061,http://www.usps.com/,0.0,0.0,10006,21,92,22.83,10006,3454.0,3040.0,2183.0,36.0,687.0,71.0,414.0,1.927591973244147,10.9,1633.0,1821.0,126.0,16.0,0.0,31.8,164.0,4.7,176250.0,263224,0.03815640347563279,0.004632310364794441,0.6320208453966416,0.3679791546033584,0.010422698320787493,0.11986103068905617,6.079907353792704
11412,0,Saint Albans,35019.0,45842752.226073,NY,Queens,36,081,http://www.usps.com/,0.0,0.0,11412,1127,2221,50.74,11412,37458.0,35549.0,286.0,33065.0,867.0,34470.0,1909.0,3.3869924812030083,5.5,17167.0,20291.0,7769.0,5506.0,2335.0,40.5,3077.0,8.3,78517.0,103596,0.30430667297681024,0.1469912969192162,0.007635218110950932,0.9923647818890491,0.8827219819531208,0.05096374606225639,30.08703080783811
10005,0,New York,8107.0,2082901.14073505,NY,New York,36,061,http://www.usps.com/,0.0,0.0,10005,54,214,25.23,10005,8831.0,8223.0,6132.0,219.0,1497.0,327.0,608.0,2.0155304069501603,13.3,4003.0,4828.0,147.0,112.0,28.0,30.1,840.0,9.5,173333.0,292722,0.023957409050576757,0.012682595402559166,0.6943720982901144,0.30562790170988563,0.02479900351036123,0.06884837504246405,6.114822783376741
10004,0,New York,2187.0,4002521.0970287,NY,New York,36,061,http://www.usps.com/,0.0,0.0,10004,28,87,32.18,10004,3028.0,2916.0,1834.0,47.0,899.0,67.0,112.0,1.8254490657022304,3.8,1267.0,1761.0,415.0,228.0,61.0,37.1,66.0,2.2,157645.0,305243,0.016377649325626204,0.07529722589167767,0.6056803170409512,0.39431968295904885,0.015521796565389696,0.036988110964332896,9.247027741083224
10004,0,New York,2187.0,1202707.70744839,NY,New York,36,061,http://www.usps.com/,0.0,0.0,10004,28,87,32.18,10004,3028.0,2916.0,1834.0,47.0,899.0,67.0,112.0,1.8254490657022304,3.8,1267.0,1761.0,415.0,228.0,61.0,37.1,66.0,2.2,157645.0,305243,0.016377649325626204,0.07529722589167767,0.6056803170409512,0.39431968295904885,0.015521796565389696,0.036988110964332896,9.247027741083224
10004,0,New York,2187.0,7679615.51100765,NY,New York,36,061,http://www.usps.com/,0.0,0.0,10004,28,87,32.18,10004,3028.0,2916.0,1834.0,47.0,899.0,67.0,112.0,1.8254490657022304,3.8,1267.0,1761.0,415.0,228.0,61.0,37.1,66.0,2.2,157645.0,305243,0.016377649325626204,0.07529722589167767,0.6056803170409512,0.39431968295904885,0.015521796565389696,0.036988110964332896,9.247027741083224
10004,0,New York,2187.0,670708.01999656,NY,New York,36,061,http://www.usps.com/,0.0,0.0,10004,28,87,32.18,10004,3028.0,2916.0,1834.0,47.0,899.0,67.0,112.0,1.8254490657022304,3.8,1267.0,1761.0,415.0,228.0,61.0,37.1,66.0,2.2,157645.0,305243,0.016377649325626204,0.07529722589167767,0.6056803170409512,0.39431968295904885,0.015521796565389696,0.036988110964332896,9.247027741083224
11411,0,Cambria Heights,18216.0,35889597.3834009,NY,Queens,36,081,http://www.usps.com/,0.0,0.0,11411,602,1199,50.21,11411,20759.0,19390.0,207.0,18790.0,58.0,19475.0,1369.0,3.307543859649123,3.0,9582.0,11177.0,5221.0,3979.0,1798.0,44.2,867.0,4.2,93882.0,119864,0.28780579956550484,0.1916758996098078,0.009971578592417747,0.9900284214075823,0.9051495736788863,0.06594729996627968,28.99947010935016
11201,0,Brooklyn,53041.0,41094886.7657365,NY,Kings,36,047,http://www.usps.com/,0.0,0.0,11201,539,1715,31.43,11201,62823.0,55556.0,36991.0,7900.0,7408.0,10030.0,7267.0,2.0570648804646026,5.6,30042.0,32781.0,10147.0,7202.0,3272.0,35.2,7709.0,13.0,124996.0,253811,0.06056815654881032,0.1146395428425895,0.5888130143418812,0.41118698565811884,0.1257501233624628,0.11567419575633128,8.57966031548955
11205,0,Brooklyn,41125.0,23270147.9497623,NY,Kings,36,047,http://www.usps.com/,0.0,0.0,11205,607,1689,35.94,11205,46064.0,37911.0,19470.0,13586.0,3138.0,15686.0,8153.0,2.6668620351049466,10.0,21340.0,24724.0,5283.0,3438.0,1191.0,29.8,12957.0,29.2,56708.0,99184,0.21620103888810893,0.07463529003126085,0.42267280305661686,0.5773271969433831,0.2949374782910733,0.1769928794720389,13.177318513372699
11208,0,Brooklyn,94410.0,79303684.263991,NY,Kings,36,047,http://www.usps.com/,0.0,0.0,11208,1927,3866,49.84,11208,98660.0,57904.0,2388.0,48148.0,5621.0,54888.0,40756.0,3.0463142848264506,19.700000000000006,45869.0,52791.0,14081.0,8934.0,3242.0,32.5,25327.0,25.8,40733.0,64332,0.3736749560411957,0.0905534157713359,0.024204338130954794,0.9757956618690452,0.48801946077437663,0.41309547942428543,19.53172511656193
11207,0,Brooklyn,93556.0,73966260.541061,NY,Kings,36,047,http://www.usps.com/,0.0,0.0,11207,1728,3815,45.29,11207,91972.0,61367.0,3695.0,54049.0,1295.0,60644.0,30605.0,2.6926594464500604,8.6,41188.0,50784.0,15435.0,10508.0,4493.0,34.1,26291.0,28.9,37243.0,62410,0.3454611795981131,0.11425216370199626,0.04017527073457139,0.9598247292654286,0.5876679859087548,0.332764319575523,18.78832688209455
11413,0,Springfield Gardens,39349.0,86208498.5890682,NY,Queens,36,081,http://www.usps.com/,0.0,0.0,11413,1159,2360,49.11,11413,42443.0,40363.0,632.0,38209.0,480.0,39730.0,2080.0,3.415788280997086,4.8,19773.0,22670.0,9588.0,6918.0,3091.0,39.8,3329.0,7.9,86324.0,107703,0.28407563831829524,0.16299507574865113,0.014890559102796692,0.9851094408972033,0.9002426784157576,0.04900690337629291,27.307212025540135
11217,0,Brooklyn,36615.0,21648157.7960373,NY,Kings,36,047,http://www.usps.com/,0.0,0.0,11217,490,1163,42.13,11217,41407.0,33736.0,21072.0,7745.0,3119.0,8922.0,7671.0,2.3266177566343784,5.6,19458.0,21949.0,6394.0,4327.0,1686.0,35.0,5961.0,14.6,107362.0,202681,0.09627007425315144,0.10449923925906247,0.5088994614437172,0.4911005385562828,0.1870456686067573,0.18525853116622792,11.833747917018862
11238,0,Brooklyn,46664.0,29429423.4614794,NY,Kings,36,047,http://www.usps.com/,0.0,0.0,11238,654,1559,41.95,11238,54540.0,48593.0,23185.0,19319.0,3319.0,22012.0,5947.0,2.174338208335031,3.7,25481.0,29059.0,9505.0,6644.0,2639.0,35.8,7014.0,13.0,85407.0,146999,0.12398838574164453,0.12181884855152182,0.4251008434176751,0.5748991565823249,0.3542170883755042,0.10903923725705904,11.991199119911991
11231,0,Brooklyn,33144.0,39379691.7940637,NY,Kings,36,047,http://www.usps.com/,0.0,0.0,11231,361,915,39.45,11231,37845.0,30798.0,21942.0,4606.0,2012.0,6013.0,7047.0,2.4085651509361865,6.7,17577.0,20268.0,5677.0,4025.0,1605.0,35.9,5799.0,15.3,100213.0,193625,0.08919954231132779,0.10635486854274012,0.5797859690844233,0.42021403091557674,0.1217069626106487,0.18620689655172415,9.538908706566257
11231,0,Brooklyn,33144.0,701979.38531194,NY,Kings,36,047,http://www.usps.com/,0.0,0.0,11231,361,915,39.45,11231,37845.0,30798.0,21942.0,4606.0,2012.0,6013.0,7047.0,2.4085651509361865,6.7,17577.0,20268.0,5677.0,4025.0,1605.0,35.9,5799.0,15.3,100213.0,193625,0.08919954231132779,0.10635486854274012,0.5797859690844233,0.42021403091557674,0.1217069626106487,0.18620689655172415,9.538908706566257
11422,0,Rosedale,30139.0,60120657.2055391,NY,Queens,36,081,http://www.usps.com/,0.0,0.0,11422,861,1817,47.39,11422,32082.0,29012.0,1053.0,26471.0,638.0,27832.0,3070.0,3.3207738526882835,4.5,14880.0,17202.0,6295.0,4158.0,1671.0,38.4,2320.0,7.3,89235.0,106889,0.2596251721453805,0.12960538619786796,0.03282214325790163,0.9671778567420983,0.8251044199239449,0.09569228851069135,26.837478960164578
11420,0,South Ozone Park,44538.0,61879568.3727771,NY,Queens,36,081,http://www.usps.com/,0.0,0.0,11420,1189,2460,48.33,11420,48489.0,36829.0,2367.0,11167.0,15013.0,13606.0,11660.0,3.677767307546166,8.1,23765.0,24724.0,8989.0,5691.0,2499.0,39.2,5825.0,12.1,67932.0,93398,0.2935361216730038,0.11736682546556951,0.048815195198911095,0.9511848048010889,0.23029965559198995,0.24046691002082946,24.52102538720122
11417,0,Ozone Park,28562.0,31099087.1079081,NY,Queens,36,081,http://www.usps.com/,0.0,0.0,11417,772,1582,48.8,11417,31927.0,19625.0,6244.0,1844.0,9131.0,3159.0,12302.0,3.520579470198676,8.0,15311.0,16616.0,5723.0,3977.0,1400.0,38.3,4521.0,14.2,73424.0,92976,0.30246954669506754,0.12456541485263257,0.19557114667836,0.8044288533216399,0.057756757603282485,0.38531650327309175,24.180160992263602
11215,0,Brooklyn,63272.0,61922821.7461638,NY,Kings,36,047,http://www.usps.com/,0.0,0.0,11215,534,1634,32.68,11215,70156.0,58728.0,46961.0,2636.0,5531.0,4752.0,11428.0,2.4373445084686574,4.800000000000002,33597.0,36559.0,10204.0,7291.0,2864.0,36.0,4957.0,7.1,123583.0,214090,0.08111962485799233,0.10392553737385256,0.6693796681680826,0.3306203318319174,0.03757340783397001,0.16289412167170306,7.611608415531102
11232,0,Brooklyn,29521.0,55879065.1502698,NY,Kings,36,047,http://www.usps.com/,0.0,0.0,11232,426,804,52.99,11232,27602.0,13628.0,6141.0,1372.0,5268.0,2467.0,13974.0,2.900172492056287,18.1,14304.0,13298.0,3295.0,2212.0,848.0,33.8,5494.0,21.6,56661.0,76665,0.3322674202424333,0.08013912035359756,0.22248387797985653,0.7775161220201434,0.04970654300413013,0.5062676617636404,15.433664227229912
11203,0,Brooklyn,78060.0,60644835.4561565,NY,Kings,36,047,http://www.usps.com/,0.0,0.0,11203,1758,3664,47.98,11203,75451.0,70605.0,2881.0,65073.0,1339.0,67977.0,4846.0,2.65750189114225,6.4,33245.0,42206.0,18009.0,13551.0,6192.0,39.8,12075.0,16.3,51277.0,77830,0.30722494483134155,0.17960000530145392,0.03818372188572716,0.9618162781142728,0.8624537779486025,0.06422711428609296,23.299889994831084
11239,0,Brooklyn,12562.0,41794660.7671967,NY,Kings,36,047,http://www.usps.com/,0.0,0.0,11239,438,960,45.62,11239,13244.0,10737.0,2487.0,7778.0,284.0,8166.0,2507.0,1.9462108219988168,4.1,5406.0,7838.0,4613.0,3838.0,1949.0,46.8,3765.0,28.5,27104.0,48013,0.30959688970738697,0.2897916037450921,0.18778314708547267,0.8122168529145273,0.5872848082150408,0.18929326487466022,33.071579583207495
11236,0,Brooklyn,94480.0,96373991.6201046,NY,Kings,36,047,http://www.usps.com/,0.0,0.0,11236,2328,4650,50.06,11236,100331.0,93165.0,4333.0,84496.0,2679.0,87662.0,7166.0,2.9669340784808607,7.199999999999998,43752.0,56579.0,20374.0,13606.0,5042.0,37.9,12698.0,12.8,67669.0,92992,0.29558073306152555,0.13561112716907037,0.043187050861647945,0.956812949138352,0.8421724093251338,0.07142358792397166,23.203197416551216
11220,0,Brooklyn,97257.0,47453785.7906374,NY,Kings,36,047,http://www.usps.com/,0.0,0.0,11220,1277,2636,48.44,11220,95643.0,55803.0,13452.0,1557.0,39441.0,3363.0,39840.0,3.3945956628565326,23.200000000000006,48315.0,47328.0,15206.0,10533.0,4735.0,34.3,27959.0,29.4,47079.0,64713,0.4301302200269421,0.11012828957686396,0.14064803487970892,0.8593519651202911,0.016279288604497975,0.4165490417490041,13.351735098229875
10301,0,Staten Island,40438.0,105182712.649568,NY,Richmond,36,085,http://www.usps.com/,0.0,0.0,10301,1016,2475,41.05,10301,38733.0,29142.0,16456.0,8200.0,2320.0,11640.0,9591.0,2.5218400165642905,5.9,18449.0,20284.0,8346.0,5766.0,2431.0,38.2,8477.0,23.0,55802.0,95836,0.18843104276790004,0.14886530865153744,0.4248573567758759,0.5751426432241241,0.21170578060052153,0.24761830996824413,26.23086257196706
10303,0,Staten Island,27048.0,81629773.5174369,NY,Richmond,36,085,http://www.usps.com/,0.0,0.0,10303,760,1787,42.53,10303,25947.0,15844.0,4581.0,8543.0,2099.0,9784.0,10103.0,3.16044384502207,10.2,12810.0,13137.0,3771.0,2434.0,838.0,33.1,6542.0,25.3,62558.0,81195,0.2942067398712609,0.09380660577330713,0.17655220256677073,0.8234477974332293,0.3292480826299765,0.3893706401510772,29.290476741049062
11234,0,Brooklyn,85853.0,206201040.087973,NY,Kings,36,047,http://www.usps.com/,0.0,0.0,11234,2014,4327,46.54,11234,95666.0,85643.0,35900.0,41699.0,6351.0,44625.0,10023.0,2.998815454688236,6.8,45456.0,50210.0,22842.0,16103.0,6723.0,40.3,7639.0,8.0,81399.0,112459,0.2371845292941097,0.1683252148098593,0.375263939121527,0.624736060878473,0.4358810862793469,0.10477076495306588,21.052411515062822
10302,0,Staten Island,18123.0,29555323.0233747,NY,Richmond,36,085,http://www.usps.com/,0.0,0.0,10302,564,1264,44.62,10302,18204.0,10725.0,5681.0,3502.0,1269.0,4029.0,7479.0,2.938747763864043,4.1000000000000005,9313.0,8891.0,2769.0,1874.0,708.0,34.9,2973.0,16.4,64103.0,94357,0.28406020841373986,0.1029444078224566,0.3120742693913426,0.6879257306086575,0.1923753021313997,0.41084377059986815,30.98220171390903
11693,0,Far Rockaway,11052.0,46471727.1709791,NY,Queens,36,081,http://www.usps.com/,0.0,0.0,11693,294,627,46.89,11693,12919.0,9109.0,6065.0,2075.0,521.0,2914.0,3810.0,2.605898864809081,4.5,6308.0,6611.0,2485.0,1589.0,562.0,39.5,1796.0,14.0,59431.0,88947,0.2593532022828155,0.12299713600123849,0.4694635807725056,0.5305364192274944,0.1606161467605852,0.29491446706401425,22.757179348246765
11693,0,Far Rockaway,11052.0,1527599.16446935,NY,Queens,36,081,http://www.usps.com/,0.0,0.0,11693,294,627,46.89,11693,12919.0,9109.0,6065.0,2075.0,521.0,2914.0,3810.0,2.605898864809081,4.5,6308.0,6611.0,2485.0,1589.0,562.0,39.5,1796.0,14.0,59431.0,88947,0.2593532022828155,0.12299713600123849,0.4694635807725056,0.5305364192274944,0.1606161467605852,0.29491446706401425,22.757179348246765
11693,0,Far Rockaway,11052.0,12270916.5305379,NY,Queens,36,081,http://www.usps.com/,0.0,0.0,11693,294,627,46.89,11693,12919.0,9109.0,6065.0,2075.0,521.0,2914.0,3810.0,2.605898864809081,4.5,6308.0,6611.0,2485.0,1589.0,562.0,39.5,1796.0,14.0,59431.0,88947,0.2593532022828155,0.12299713600123849,0.4694635807725056,0.5305364192274944,0.1606161467605852,0.29491446706401425,22.757179348246765
11693,0,Far Rockaway,11052.0,3497515.7797433,NY,Kings,36,047,http://www.usps.com/,0.0,0.0,11693,294,627,46.89,11693,12919.0,9109.0,6065.0,2075.0,521.0,2914.0,3810.0,2.605898864809081,4.5,6308.0,6611.0,2485.0,1589.0,562.0,39.5,1796.0,14.0,59431.0,88947,0.2593532022828155,0.12299713600123849,0.4694635807725056,0.5305364192274944,0.1606161467605852,0.29491446706401425,22.757179348246765
11209,0,Brooklyn,69255.0,57842313.9612272,NY,Kings,36,047,http://www.usps.com/,0.0,0.0,11209,981,2614,37.53,11209,67809.0,56368.0,43770.0,1833.0,9044.0,2916.0,11441.0,2.297983069938901,8.4,32504.0,35305.0,16094.0,11492.0,5221.0,40.6,8978.0,13.3,72314.0,122678,0.16400765794511807,0.16947602825583624,0.6454895367871522,0.35451046321284785,0.027031809936734062,0.168723915704405,14.467106136353582
10304,0,Staten Island,41502.0,98226679.797328,NY,Richmond,36,085,http://www.usps.com/,0.0,0.0,10304,1233,2919,42.24,10304,41064.0,30701.0,15539.0,10335.0,3918.0,11936.0,10363.0,2.819037538808919,5.7,20233.0,20831.0,8722.0,5840.0,2563.0,38.1,8564.0,21.5,52199.0,108490,0.25378993779066256,0.1422170270796805,0.37840931229300606,0.6215906877069939,0.2516803039158387,0.2523621663744399,30.026300409117475
10314,0,Staten Island,85430.0,473985727.130054,NY,Richmond,36,085,http://www.usps.com/,0.0,0.0,10314,2421,6243,38.78,10314,90761.0,77035.0,56696.0,3352.0,14904.0,4427.0,13726.0,2.8564555831898475,4.9,43762.0,46999.0,21563.0,15645.0,6313.0,40.8,8558.0,9.5,86742.0,116742,0.1989647127442403,0.17237580017849077,0.6246735932834587,0.37532640671654127,0.03693216249270061,0.1512323575103844,26.674452683421293
11228,0,Brooklyn,43080.0,43893024.7317224,NY,Kings,36,047,http://www.usps.com/,0.0,0.0,11228,568,1368,41.52,11228,44994.0,39156.0,22126.0,396.0,15917.0,692.0,5838.0,2.927548673722724,8.9,22024.0,22970.0,10828.0,7825.0,3950.0,41.1,6165.0,13.8,67911.0,106252,0.24139774494556765,0.17391207716584434,0.49175445614970886,0.5082455438502911,0.00880117348979864,0.12975063341778903,12.62390540961017
10305,0,Staten Island,41746.0,111441829.317708,NY,Richmond,36,085,http://www.usps.com/,0.0,0.0,10305,1101,2873,38.32,10305,42298.0,35378.0,26370.0,2628.0,5405.0,3239.0,6920.0,2.8229666507535978,6.300000000000002,20145.0,22153.0,9210.0,6298.0,2896.0,39.5,5365.0,12.9,76489.0,102939,0.21195330571843565,0.1488959288855265,0.6234337320913519,0.3765662679086481,0.062130597191356565,0.16360111589200435,26.02959950825098
11229,0,Brooklyn,79608.0,60119326.1442695,NY,Kings,36,047,http://www.usps.com/,0.0,0.0,11229,1329,3144,42.27,11229,83615.0,74576.0,49672.0,4267.0,18445.0,5488.0,9039.0,2.6942202546371097,8.8,40272.0,43343.0,21129.0,14926.0,6438.0,40.8,12184.0,14.6,60873.0,97025,0.2520735379576312,0.17850864079411588,0.5940560904143993,0.40594390958560067,0.05103151348442265,0.10810261316749387,15.894277342582072
11214,0,Brooklyn,89061.0,61096539.3891465,NY,Kings,36,047,http://www.usps.com/,0.0,0.0,11214,1306,2867,45.55,11214,92946.0,77673.0,39676.0,1143.0,34742.0,1660.0,15273.0,2.8798271380703344,13.5,45577.0,47369.0,20589.0,15351.0,7241.0,39.6,16168.0,17.5,54041.0,81778,0.31387081784386617,0.16516041572525983,0.426871516794698,0.5731284832053021,0.012297463043057259,0.1643212187721903,14.05116949626665
11691,0,Far Rockaway,60267.0,83927815.1123475,NY,Queens,36,081,http://www.usps.com/,0.0,0.0,11691,1935,3650,53.01,11691,67094.0,49406.0,16075.0,29701.0,2320.0,32786.0,17688.0,3.122734777119549,10.6,30803.0,36291.0,11796.0,8316.0,3915.0,31.1,13848.0,21.4,46147.0,77919,0.33857503397398564,0.12394550928548008,0.2395892330163651,0.7604107669836349,0.44267743762482487,0.2636301308611798,28.84013473634006
11223,0,Brooklyn,79864.0,58702923.4662996,NY,Kings,36,047,http://www.usps.com/,0.0,0.0,11223,1448,3302,43.85,11223,81789.0,68092.0,42631.0,2861.0,19745.0,4443.0,13697.0,2.9260154517490524,12.2,40113.0,41676.0,17944.0,12892.0,6202.0,36.5,16552.0,20.3,50108.0,86851,0.2931346369196313,0.15762510851092446,0.5212314614434704,0.47876853855652957,0.03498025406839551,0.1674675078555796,17.704092237342433
11692,0,Arverne,18018.0,23992395.3811918,NY,Queens,36,081,http://www.usps.com/,0.0,0.0,11692,510,1037,49.18,11692,20991.0,15869.0,2093.0,11961.0,1199.0,12998.0,5122.0,2.9483947175348497,8.0,9755.0,11236.0,3634.0,2566.0,978.0,34.2,5135.0,25.4,44024.0,69356,0.2950172040270167,0.12224286599018627,0.09970939926635225,0.9002906007336478,0.5698156352722595,0.24400933733504834,24.296126911533513
11235,0,Brooklyn,76130.0,69053803.0317134,NY,Kings,36,047,http://www.usps.com/,0.0,0.0,11235,1730,3737,46.29,11235,78128.0,71637.0,56160.0,1812.0,11260.0,2303.0,6491.0,2.3808060367535404,11.7,37432.0,40696.0,23688.0,18363.0,9382.0,45.1,14999.0,19.4,52538.0,95275,0.28551340101808365,0.23503737456481671,0.7188203972967439,0.28117960270325615,0.02319270939995904,0.08308160966618881,22.143149703051403
10306,0,Staten Island,55602.0,174102872.04866,NY,Richmond,36,085,http://www.usps.com/,0.0,0.0,10306,1312,3720,35.27,10306,53142.0,45327.0,39656.0,1651.0,3100.0,2597.0,7815.0,2.6298960363872643,2.6,24906.0,28236.0,13358.0,9461.0,4451.0,43.9,5191.0,9.9,79569.0,113762,0.2157492969063881,0.17803244138346316,0.7462270896842422,0.25377291031575777,0.03106770539309774,0.14705882352941177,24.68857024575665
11694,0,Rockaway Park,20163.0,48101606.6144704,NY,Queens,36,081,http://www.usps.com/,0.0,0.0,11694,622,1335,46.59,11694,21354.0,18171.0,15589.0,1283.0,742.0,1522.0,3183.0,2.3558018422295697,3.6,10932.0,10422.0,5990.0,4368.0,1898.0,48.5,2009.0,9.9,80976.0,143875,0.12670689107653224,0.20455184040460803,0.7300271611875995,0.26997283881240053,0.06008242015547438,0.1490587243607755,29.12803221878805
11224,0,Brooklyn,49600.0,46701983.7536391,NY,Kings,36,047,http://www.usps.com/,0.0,0.0,11224,950,2093,45.39,11224,46707.0,37191.0,23843.0,9636.0,2753.0,11121.0,9516.0,2.4277863818424565,6.1,20929.0,25778.0,15243.0,12070.0,6208.0,45.5,12792.0,27.9,33131.0,65896,0.30817310554199656,0.2584195088530627,0.510480227803113,0.489519772196887,0.20630740574217998,0.20373819770055882,20.339563662834266
10308,0,Staten Island,27612.0,62751041.8151495,NY,Richmond,36,085,http://www.usps.com/,0.0,0.0,10308,587,1729,33.95,10308,30186.0,27298.0,25268.0,310.0,1502.0,439.0,2888.0,2.8321994740796392,2.1,14569.0,15617.0,7516.0,5360.0,2353.0,42.9,1769.0,5.9,93963.0,120818,0.17468006651724388,0.1775657589611078,0.8370767905651627,0.1629232094348373,0.01026966143245213,0.09567349102232824,19.446100841449677
11697,0,Breezy Point,4079.0,59789760.6199218,NY,Queens,36,081,http://www.usps.com/,0.0,0.0,11697,85,207,41.06,11697,3540.0,3311.0,3243.0,21.0,20.0,21.0,229.0,2.585897435897436,1.8,1699.0,1841.0,1192.0,899.0,446.0,49.1,110.0,3.1,103580.0,155510,0.12582781456953646,0.253954802259887,0.9161016949152543,0.08389830508474572,0.005932203389830509,0.06468926553672316,24.01129943502825
10312,0,Staten Island,58506.0,169087432.907114,NY,Richmond,36,085,http://www.usps.com/,0.0,0.0,10312,1384,3757,36.84,10312,61741.0,55507.0,50629.0,749.0,3356.0,1046.0,6234.0,2.8809344308296696,2.2,29882.0,31859.0,14646.0,10607.0,3720.0,41.6,3995.0,6.5,95064.0,125305,0.14883428291796288,0.17179831878330445,0.8200223514358368,0.1799776485641632,0.01213132278388753,0.1009701818888583,22.41622260734358
10309,0,Staten Island,33114.0,215835793.517094,NY,Richmond,36,085,http://www.usps.com/,0.0,0.0,10309,779,2228,34.96,10309,33531.0,30424.0,28515.0,193.0,1206.0,313.0,3107.0,2.904876133984648,0.9,16842.0,16689.0,7330.0,5198.0,1953.0,40.5,3089.0,9.2,103175.0,130338,0.14190027288514018,0.15502072708836598,0.8504070859801378,0.1495929140198622,0.005755867704512242,0.09266052309802869,23.232232859145267
10307,0,Staten Island,14096.0,46028382.6297602,NY,Richmond,36,085,http://www.usps.com/,0.0,0.0,10307,351,994,35.31,10307,15232.0,13833.0,13293.0,56.0,418.0,56.0,1399.0,2.85468197214904,3.5,7448.0,7784.0,2600.0,1733.0,737.0,39.7,1075.0,7.1,80893.0,132079,0.14155528554070473,0.11377363445378151,0.8727022058823529,0.12729779411764708,0.003676470588235294,0.09184611344537816,23.04359243697479
10280,0,New York,3170.0,2234114.00737477,NY,New York,36,061,http://www.usps.com/,0.0,0.0,10280,38,175,21.71,10280,9384.0,8558.0,6612.0,164.0,1474.0,330.0,826.0,2.057296052631579,8.4,4477.0,4907.0,1233.0,858.0,234.0,38.1,336.0,3.6,169844.0,301694,0.02033120183636662,0.09143222506393862,0.7046035805626598,0.2953964194373402,0.017476555839727195,0.08802216538789429,4.049445865302642
11372,0,Jackson Heights,66636.0,20163283.8743202,NY,Queens,36,081,http://www.usps.com/,0.0,0.0,11372,2143,3817,56.14,11372,61844.0,26244.0,11022.0,1465.0,12490.0,2435.0,35600.0,2.580631561266482,12.7,30769.0,31075.0,12995.0,9640.0,3783.0,40.5,7407.0,12.1,56383.0,77408,0.38664054368456496,0.155876075286204,0.1782226246685208,0.8217773753314792,0.023688635922644072,0.5756419377789276,34.65170428820905
11004,0,Glen Oaks,11776.0,22606526.9135699,NY,Queens,36,081,http://www.usps.com/,0.0,0.0,11004,507,927,54.69,11004,15234.0,13318.0,5090.0,1003.0,6529.0,1198.0,1916.0,2.7672576284279637,4.2,7144.0,8090.0,4502.0,2982.0,1646.0,44.4,857.0,6.0,92657.0,127495,0.19396493135789045,0.19574635683339897,0.33412104503085205,0.665878954969148,0.06583956938427202,0.12577130103715373,33.28081922016542
11426,0,Bellerose,20050.0,49609163.5394305,NY,Queens,36,081,http://www.usps.com/,0.0,0.0,11426,454,973,46.66,11426,20801.0,16863.0,5834.0,1278.0,9179.0,1573.0,3938.0,3.2608181246066708,4.9,10388.0,10413.0,4528.0,3203.0,947.0,38.6,1564.0,7.5,88803.0,120580,0.2476871721506915,0.15398298158742368,0.2804672852266718,0.7195327147733281,0.06143935387721744,0.18931782125859334,21.82587375606942
11365,0,Fresh Meadows,40528.0,69385865.5947389,NY,Queens,36,081,http://www.usps.com/,0.0,0.0,11365,736,1697,43.37,11365,44983.0,36117.0,11388.0,3347.0,20070.0,4254.0,8866.0,2.8846682936227603,7.199999999999998,21359.0,23624.0,9805.0,6668.0,3138.0,40.8,5330.0,11.9,66483.0,92032,0.2182213401379832,0.14823377720472178,0.25316230575995374,0.7468376942400463,0.07440588666829691,0.19709668096836583,16.36173665607007
11375,0,Forest Hills,68555.0,55587771.8344865,NY,Queens,36,081,http://www.usps.com/,0.0,0.0,11375,1375,3219,42.72,11375,73488.0,61918.0,36724.0,1825.0,20530.0,3444.0,11570.0,2.2258988952125875,6.4,33695.0,39793.0,19694.0,14798.0,7080.0,42.7,6624.0,9.1,80542.0,137263,0.1149706979222163,0.20136620944916178,0.4997278467232745,0.5002721532767255,0.024833986501197475,0.15744067058567385,18.71053777487481
11427,0,Queens Village,21942.0,39435767.4173042,NY,Queens,36,081,http://www.usps.com/,0.0,0.0,11427,688,1397,49.25,11427,24037.0,19361.0,4762.0,4737.0,7481.0,5310.0,4676.0,3.085872,6.5,11886.0,12151.0,5792.0,3893.0,1746.0,42.0,1987.0,8.5,74581.0,116155,0.2548128342245989,0.1619586470857428,0.19811124516370596,0.8018887548362941,0.19707118192786122,0.19453342763240006,28.622540250447226
11374,0,Rego Park,42755.0,25203558.5810222,NY,Queens,36,081,http://www.usps.com/,0.0,0.0,11374,940,2214,42.46,11374,42653.0,35706.0,18568.0,1657.0,13580.0,2345.0,6947.0,2.198127317676143,9.7,19585.0,23068.0,11923.0,8996.0,4011.0,43.8,5662.0,13.3,63161.0,98297,0.22106878497923813,0.21091130752819262,0.4353269406606804,0.5646730593393197,0.03884838112207817,0.1628724825920803,22.038309145898296
11366,0,Fresh Meadows,13168.0,20358592.7502548,NY,Queens,36,081,http://www.usps.com/,0.0,0.0,11366,353,768,45.96,11366,14650.0,13352.0,5707.0,713.0,6615.0,829.0,1298.0,3.1241118066047915,5.800000000000002,6977.0,7673.0,3614.0,2501.0,1078.0,40.6,1742.0,12.0,78990.0,108863,0.17946415207304295,0.17071672354948805,0.3895563139931741,0.6104436860068259,0.048668941979522186,0.08860068259385666,24.09556313993174
11423,0,Hollis,30243.0,45095032.1009242,NY,Queens,36,081,http://www.usps.com/,0.0,0.0,11423,890,1762,50.51,11423,31400.0,26945.0,2807.0,12083.0,8950.0,13012.0,4455.0,3.1610217635639115,8.2,15291.0,16109.0,7064.0,4768.0,1933.0,40.8,2817.0,9.1,70266.0,102305,0.2966747167007245,0.15184713375796177,0.08939490445859873,0.9106050955414012,0.38480891719745225,0.14187898089171974,28.343949044585987
11428,0,Queens Village,18818.0,21927545.4923289,NY,Queens,36,081,http://www.usps.com/,0.0,0.0,11428,601,1133,53.05,11428,18929.0,14134.0,2095.0,3834.0,4805.0,4770.0,4795.0,3.4029327096077724,4.9,9208.0,9721.0,4111.0,2870.0,847.0,40.8,1597.0,8.4,73699.0,92621,0.3077423552374756,0.1516192086216916,0.11067673939457974,0.8893232606054202,0.2025463574409636,0.25331501928258227,31.750224523218343
11432,0,Jamaica,62075.0,60177575.6380646,NY,Queens,36,081,http://www.usps.com/,0.0,0.0,11432,1519,2970,51.14,11432,62053.0,46891.0,8027.0,9134.0,25619.0,11039.0,15162.0,3.0978762063945653,19.3,29294.0,32759.0,12405.0,8677.0,3979.0,36.0,8662.0,14.9,55906.0,89037,0.2939243515346431,0.13983207902921696,0.1293571624256684,0.8706428375743316,0.14719675116432726,0.2443395162200055,24.47907433967737
11379,0,Middle Village,35428.0,57622817.0453818,NY,Queens,36,081,http://www.usps.com/,0.0,0.0,11379,708,1655,42.78,11379,37851.0,30230.0,25050.0,324.0,4152.0,730.0,7621.0,2.776023400473933,4.0,17886.0,19965.0,8999.0,6658.0,3324.0,42.7,3167.0,8.5,82819.0,114239,0.1955851063829787,0.17590024041636945,0.661805500515178,0.33819449948482205,0.008559879527621463,0.20134210456791102,18.704921930728382
11429,0,Queens Village,25116.0,39559398.2845283,NY,Queens,36,081,http://www.usps.com/,0.0,0.0,11429,835,1536,54.36,11429,27403.0,23998.0,434.0,20276.0,1122.0,21302.0,3405.0,3.713188010899183,6.6,12851.0,14552.0,5873.0,3963.0,1656.0,39.0,2406.0,8.8,83240.0,102268,0.29022654661632297,0.14461920227712294,0.015837682005619823,0.9841623179943801,0.7399189869722294,0.12425646826989746,30.471116301134913
11435,0,Jamaica,53404.0,42105899.1565062,NY,Queens,36,081,http://www.usps.com/,0.0,0.0,11435,1390,2935,47.36,11435,59296.0,40868.0,6737.0,13287.0,14393.0,14940.0,18428.0,3.0756098336335698,14.2,29447.0,29849.0,10459.0,7061.0,2864.0,35.8,9220.0,15.8,64086.0,84593,0.3116013127177995,0.11908054506206152,0.11361643281165677,0.8863835671883432,0.22407919589854292,0.31077981651376146,23.44171613599568
11415,0,Kew Gardens,18990.0,16802279.5094065,NY,Queens,36,081,http://www.usps.com/,0.0,0.0,11415,453,1014,44.67,11415,19372.0,14539.0,9010.0,967.0,3671.0,1364.0,4833.0,2.3082217448382862,10.2,9253.0,10119.0,4236.0,3087.0,1227.0,38.9,2384.0,12.3,68294.0,109205,0.20079273008507348,0.15935370638034277,0.4651042742102003,0.5348957257897997,0.04991740656617799,0.24948379103861243,23.384265950856907
11418,0,Richmond Hill,36607.0,32025130.9227912,NY,Queens,36,081,http://www.usps.com/,0.0,0.0,11418,922,1972,46.75,11418,38517.0,20914.0,6312.0,2460.0,9217.0,3674.0,17603.0,3.4836396050466267,12.0,19354.0,19163.0,6763.0,4357.0,1809.0,35.1,5629.0,14.7,66570.0,86064,0.3315809441222698,0.11311888257133214,0.16387569125321286,0.8361243087467871,0.06386790248461718,0.4570189786328115,23.937482150738635
11433,0,Jamaica,33679.0,47739432.5965324,NY,Queens,36,081,http://www.usps.com/,0.0,0.0,11433,824,1701,48.44,11433,36489.0,29596.0,600.0,22628.0,3195.0,24254.0,6893.0,3.4534271318566403,9.2,16723.0,19766.0,6616.0,4469.0,1758.0,35.0,6206.0,17.1,51521.0,75616,0.3967215197916005,0.12247526651867686,0.01644331168297295,0.983556688317027,0.6201320946038532,0.18890624571788758,22.582148044616186
11221,0,Brooklyn,80232.0,38580480.4343075,NY,Kings,36,047,http://www.usps.com/,0.0,0.0,11221,1071,2421,44.24,11221,83835.0,55054.0,13793.0,36355.0,2815.0,42967.0,28781.0,2.6786848498590907,6.6,40147.0,43688.0,12040.0,8676.0,3464.0,31.6,19276.0,23.2,50153.0,77374,0.2474626359518446,0.10348899624261942,0.16452555615196518,0.8354744438480348,0.43364943042881854,0.34330530208146953,12.775093934514224
11421,0,Woodhaven,39014.0,24314441.7639082,NY,Queens,36,081,http://www.usps.com/,0.0,0.0,11421,1030,2084,49.42,11421,41002.0,16960.0,6898.0,1210.0,7932.0,2863.0,24042.0,3.5199140745832613,7.5,20497.0,20505.0,7334.0,5179.0,1871.0,37.8,4207.0,10.3,72066.0,92799,0.3553137323416363,0.12631091166284572,0.16823569581971612,0.8317643041802839,0.029510755572898884,0.5863616408955661,25.12072581825277
11419,0,South Richmond Hill,47054.0,31278858.1025216,NY,Queens,36,081,http://www.usps.com/,0.0,0.0,11419,1002,2037,49.19,11419,49618.0,40260.0,2136.0,7812.0,15990.0,9465.0,9358.0,3.972206907604776,11.3,24983.0,24635.0,8710.0,5707.0,2192.0,37.0,6642.0,13.4,70882.0,88726,0.31613492854769026,0.11501874319803297,0.04304889354669676,0.9569511064533033,0.157442863476964,0.18860091095973236,20.19428433229876
11434,0,Jamaica,57989.0,87379704.1578414,NY,Queens,36,081,http://www.usps.com/,0.0,0.0,11434,1730,3516,49.2,11434,65791.0,60836.0,1024.0,55870.0,1615.0,58341.0,4955.0,2.9596337713167458,4.300000000000002,29219.0,36572.0,13470.0,9978.0,4530.0,37.9,7204.0,11.2,62207.0,88220,0.3145873944119558,0.1516620814397106,0.015564438905017403,0.9844355610949826,0.8492042984602757,0.07531425270933714,26.29538994695323
11216,0,Brooklyn,53862.0,26478229.2634433,NY,Kings,36,047,http://www.usps.com/,0.0,0.0,11216,616,1578,39.04,11216,56308.0,50229.0,14656.0,30784.0,2898.0,33463.0,6079.0,2.30931558619544,6.0,26400.0,29908.0,9077.0,6527.0,3105.0,34.2,9737.0,17.4,61121.0,101849,0.19477501805507585,0.11591603324571997,0.2602827306954607,0.7397172693045393,0.5467073950415572,0.10795979256943951,10.93983092988563
11416,0,Ozone Park,25423.0,18854849.8013032,NY,Queens,36,081,http://www.usps.com/,0.0,0.0,11416,605,1164,51.98,11416,27125.0,14882.0,3448.0,1294.0,8979.0,2252.0,12243.0,3.747776084245531,10.0,13398.0,13727.0,4232.0,2780.0,1126.0,35.6,4125.0,15.2,67461.0,82384,0.3466845383584325,0.10248847926267281,0.1271152073732719,0.8728847926267281,0.04770506912442396,0.4513548387096774,22.30414746543779
11233,0,Brooklyn,66737.0,37871693.6822543,NY,Kings,36,047,http://www.usps.com/,0.0,0.0,11233,1095,2374,46.12,11233,76819.0,64543.0,5320.0,56546.0,1258.0,61749.0,12276.0,2.5701397171579488,6.5,35096.0,41723.0,12266.0,8466.0,3625.0,33.0,21469.0,28.1,40449.0,68957,0.2906903859355879,0.11020711022012783,0.06925370025644698,0.930746299743553,0.7360939350941824,0.1598042151030344,14.25428604902433
10019,0,New York,41966.0,18828383.1167983,NY,New York,36,061,http://www.usps.com/,0.0,0.0,10019,523,1530,34.18,10019,43703.0,36375.0,24786.0,2331.0,7554.0,3144.0,7328.0,1.6959745162812647,5.4,22413.0,21290.0,9234.0,6794.0,2484.0,39.5,5342.0,12.3,98833.0,253219,0.07447212910806235,0.1554584353476878,0.5671464201542228,0.4328535798457772,0.05333729949889024,0.16767727615953137,11.96714184380935
10022,0,New York,33135.0,12728335.6230472,NY,New York,36,061,http://www.usps.com/,0.0,0.0,10022,295,1050,28.1,10022,31125.0,29439.0,24521.0,373.0,3801.0,732.0,1686.0,1.6861898166103386,2.0,14113.0,17012.0,10994.0,8881.0,4407.0,47.5,1149.0,3.8,135363.0,427259,0.04572785609620535,0.2853333333333333,0.7878232931726907,0.21217670682730927,0.011983935742971888,0.05416867469879518,9.477911646586346
10065,0,New York,33459.0,11442579.5473714,NY,New York,36,061,http://www.usps.com/,0.0,0.0,10065,290,1085,26.73,10065,28109.0,26260.0,22684.0,575.0,2633.0,662.0,1849.0,1.8705995688493668,4.1,12248.0,15861.0,7564.0,6042.0,3168.0,39.8,1922.0,6.9,127375.0,368270,0.03836225010506093,0.2149489487352805,0.8070013163043865,0.19299868369561346,0.02045608168202355,0.06577964353054182,10.31698032658579
10075,0,New York,25203.0,4809654.27648916,NY,New York,36,061,http://www.usps.com/,0.0,0.0,10075,342,1027,33.3,10075,21556.0,18486.0,16362.0,677.0,1047.0,743.0,3070.0,1.9068219302220208,6.1,10096.0,11460.0,6958.0,5827.0,2990.0,45.0,1075.0,5.1,137146.0,346244,0.06328808931009558,0.2703191686769345,0.7590462052328818,0.2409537947671182,0.03140656893672295,0.1424197439228057,15.865652254592689
10069,0,New York,5850.0,2372365.88905417,NY,New York,36,061,http://www.usps.com/,0.0,0.0,10069,46,165,27.88,10069,5085.0,5028.0,3123.0,148.0,1533.0,197.0,57.0,1.9955446708463949,7.6,2354.0,2731.0,542.0,345.0,197.0,36.0,522.0,10.3,110625.0,346491,0.005555555555555557,0.06784660766961652,0.6141592920353982,0.3858407079646018,0.02910521140609636,0.011209439528023599,9.04621435594887
10282,0,New York,4139.0,1562844.98744848,NY,New York,36,061,http://www.usps.com/,0.0,0.0,10282,64,173,36.99,10282,5593.0,5169.0,3745.0,45.0,1163.0,61.0,424.0,2.5063872702823846,7.7,2707.0,2886.0,462.0,330.0,138.0,35.3,190.0,3.4,250000.0,374989,0.028324697754749568,0.059002324333988915,0.6695869837296621,0.3304130162703379,0.008045771500089397,0.07580904702306454,11.442875022349366
11211,0,Brooklyn,60861.0,40470881.6712834,NY,Kings,36,047,http://www.usps.com/,0.0,0.0,11211,1760,4135,42.56,11211,102624.0,77669.0,65618.0,3822.0,5679.0,8084.0,24955.0,2.5848171846435095,10.3,51067.0,51557.0,12739.0,8816.0,4074.0,30.7,26791.0,26.2,71225.0,112060,0.14238818997741978,0.08590583099469909,0.6394020891799189,0.3605979108200811,0.03724275023386343,0.24316923916432803,17.149984409105084
11373,0,Elmhurst,101282.0,42654860.3372075,NY,Queens,36,081,http://www.usps.com/,0.0,0.0,11373,2800,5199,53.86,11373,93967.0,55071.0,6148.0,1646.0,45348.0,2472.0,38896.0,3.0912071982829783,20.200000000000006,47038.0,46929.0,18629.0,12737.0,5388.0,38.2,14613.0,15.6,51183.0,71473,0.4156333676622039,0.13554758585460852,0.0654272244511371,0.9345727755488629,0.017516787808485958,0.4139325507891068,29.797694935456065
11361,0,Bayside,28496.0,50163518.2433512,NY,Queens,36,081,http://www.usps.com/,0.0,0.0,11361,390,967,40.33,11361,27246.0,23736.0,11384.0,982.0,11051.0,1248.0,3510.0,2.6689666866148007,4.3,13337.0,13909.0,7095.0,5249.0,2330.0,43.3,2343.0,8.7,85887.0,112649,0.16617741820004295,0.19265213242310797,0.4178227996770168,0.5821772003229833,0.0360419878147251,0.12882624972473022,14.314027747192249
10036,0,New York,23543.0,11395110.509595,NY,New York,36,061,http://www.usps.com/,0.0,0.0,10036,363,1045,34.74,10036,27428.0,21520.0,14100.0,1726.0,5218.0,2326.0,5908.0,1.6580448618921089,3.5,14922.0,12506.0,4752.0,3106.0,988.0,36.7,4183.0,15.3,91936.0,190035,0.09832046734821616,0.1132419425404696,0.5140732098585388,0.48592679014146123,0.06292839434154879,0.2154003208400175,13.23465072189004
11414,0,Howard Beach,26148.0,63928824.719027,NY,Queens,36,081,http://www.usps.com/,0.0,0.0,11414,730,1508,48.41,11414,29219.0,22706.0,19824.0,518.0,1475.0,1289.0,6513.0,2.73,2.9,13929.0,15290.0,8551.0,6420.0,3282.0,45.0,3370.0,11.6,71648.0,113402,0.21337482920904813,0.21972004517608407,0.6784626441698894,0.32153735583011056,0.01772819056093638,0.22290290564358808,24.983743454601456
10310,0,Staten Island,25003.0,53463275.0024921,NY,Richmond,36,085,http://www.usps.com/,0.0,0.0,10310,656,1689,38.84,10310,23262.0,15911.0,9676.0,4387.0,1449.0,5401.0,7351.0,2.7654097771387494,4.7,11065.0,12197.0,4762.0,3109.0,1244.0,38.8,4428.0,19.1,72093.0,103867,0.2223336006415397,0.1336514487146419,0.4159573553434786,0.5840426446565214,0.1885908348379331,0.31600894162152865,28.200498667354484
